material,historical_price,location,month,demand,supply,predicted_price
copper,550.91,Delhi,1,40,84,398.78
copper,530.66,Delhi,2,40,79,374.13
copper,710.0,Delhi,3,79,84,654.06
copper,864.72,Delhi,4,86,61,883.15
copper,825.02,Delhi,5,82,75,852.16
copper,823.45,Delhi,6,62,46,860.44
copper,746.98,Delhi,7,87,88,768.72
copper,868.73,Delhi,8,77,55,845.63
copper,696.46,Delhi,9,76,85,654.0
copper,858.91,Delhi,10,65,33,875.98
copper,771.25,Delhi,11,91,82,838.91
copper,908.49,Delhi,12,90,56,1071.27
copper,778.78,Mumbai,1,63,39,691.47
copper,760.82,Mumbai,2,69,77,701.25
copper,744.83,Mumbai,3,81,89,725.36
copper,936.16,Mumbai,4,89,50,991.22
copper,916.27,Mumbai,5,85,44,1027.49
copper,737.32,Mumbai,6,82,77,864.76
copper,767.1,Mumbai,7,68,62,837.98
copper,753.9,Mumbai,8,49,38,831.11
copper,801.54,Mumbai,9,87,70,817.04
copper,799.14,Mumbai,10,69,69,836.03
copper,889.23,Mumbai,11,71,32,1063.54
copper,704.96,Mumbai,12,51,59,822.94
copper,888.06,Bengaluru,1,85,34,768.21
copper,654.64,Bengaluru,2,61,76,520.68
copper,765.55,Bengaluru,3,95,77,723.61
copper,747.19,Bengaluru,4,54,41,703.07
copper,763.12,Bengaluru,5,82,81,737.14
copper,844.05,Bengaluru,6,89,65,910.78
copper,745.81,Bengaluru,7,65,61,728.61
copper,665.51,Bengaluru,8,76,74,603.7
copper,724.0,Bengaluru,9,55,38,680.27
copper,673.74,Bengaluru,10,65,79,659.1
copper,675.96,Bengaluru,11,51,85,626.25
copper,808.61,Bengaluru,12,79,49,916.62
copper,558.49,Kolkata,1,42,62,376.53
copper,716.3,Kolkata,2,84,71,539.89
copper,552.36,Kolkata,3,36,83,392.24
copper,723.77,Kolkata,4,53,74,585.27
copper,846.23,Kolkata,5,73,35,851.47
copper,703.13,Kolkata,6,45,65,677.88
copper,791.64,Kolkata,7,76,37,794.1
copper,580.69,Kolkata,8,53,95,417.21
copper,703.75,Kolkata,9,72,71,544.51
copper,717.17,Kolkata,10,60,64,655.46
copper,814.73,Kolkata,11,51,64,763.99
copper,564.81,Kolkata,12,44,70,621.88
copper,824.24,Chennai,1,93,53,701.87
copper,821.71,Chennai,2,52,31,712.67
copper,772.83,Chennai,3,68,39,690.24
copper,731.12,Chennai,4,75,77,755.51
copper,812.3,Chennai,5,92,84,801.68
copper,870.63,Chennai,6,94,46,959.68
copper,747.07,Chennai,7,68,56,805.89
copper,911.52,Chennai,8,93,52,918.3
copper,748.49,Chennai,9,72,66,660.44
copper,722.7,Chennai,10,46,41,658.15
copper,736.63,Chennai,11,94,100,837.3
copper,731.62,Chennai,12,86,93,830.55
copper,741.78,Hyderabad,1,63,52,550.91
copper,737.46,Hyderabad,2,60,56,638.39
copper,689.08,Hyderabad,3,58,48,570.72
copper,775.22,Hyderabad,4,36,38,670.28
copper,913.29,Hyderabad,5,80,42,868.51
copper,760.32,Hyderabad,6,52,52,750.85
copper,723.81,Hyderabad,7,65,65,714.14
copper,714.91,Hyderabad,8,45,46,666.17
copper,891.92,Hyderabad,9,94,38,821.75
copper,717.54,Hyderabad,10,81,71,672.78
copper,548.98,Hyderabad,11,36,80,537.02
copper,832.43,Hyderabad,12,61,38,887.33
aluminium,232.19,Delhi,1,94,51,211.11
aluminium,154.21,Delhi,2,54,97,113.72
aluminium,218.18,Delhi,3,65,31,214.21
aluminium,233.5,Delhi,4,86,37,245.21
aluminium,166.87,Delhi,5,35,98,140.45
aluminium,173.56,Delhi,6,80,87,192.99
aluminium,253.25,Delhi,7,86,31,263.52
aluminium,140.21,Delhi,8,50,86,135.47
aluminium,190.52,Delhi,9,81,73,175.9
aluminium,144.53,Delhi,10,41,76,126.93
aluminium,196.98,Delhi,11,67,47,216.61
aluminium,228.59,Delhi,12,86,87,236.16
aluminium,188.99,Mumbai,1,64,72,177.34
aluminium,190.92,Mumbai,2,54,52,186.3
aluminium,215.42,Mumbai,3,71,41,221.63
aluminium,213.03,Mumbai,4,62,38,226.03
aluminium,193.37,Mumbai,5,46,42,218.9
aluminium,193.22,Mumbai,6,66,78,221.88
aluminium,225.15,Mumbai,7,95,65,247.0
aluminium,223.32,Mumbai,8,67,33,257.86
aluminium,203.13,Mumbai,9,74,70,194.87
aluminium,180.57,Mumbai,10,35,56,172.04
aluminium,164.97,Mumbai,11,40,89,183.06
aluminium,247.9,Mumbai,12,77,37,296.52
aluminium,141.28,Bengaluru,1,49,99,89.62
aluminium,179.65,Bengaluru,2,73,75,149.55
aluminium,201.41,Bengaluru,3,85,68,198.47
aluminium,203.98,Bengaluru,4,85,62,203.66
aluminium,185.25,Bengaluru,5,50,48,172.53
aluminium,198.26,Bengaluru,6,45,59,183.96
aluminium,192.87,Bengaluru,7,65,56,196.5
aluminium,159.64,Bengaluru,8,46,78,152.28
aluminium,190.0,Bengaluru,9,75,95,167.71
aluminium,203.32,Bengaluru,10,63,68,187.87
aluminium,157.73,Bengaluru,11,47,87,158.71
aluminium,192.82,Bengaluru,12,39,50,195.86
aluminium,170.89,Kolkata,1,71,79,131.4
aluminium,228.57,Kolkata,2,73,36,198.61
aluminium,159.6,Kolkata,3,66,96,114.65
aluminium,170.72,Kolkata,4,45,86,139.44
aluminium,181.24,Kolkata,5,95,86,184.19
aluminium,186.92,Kolkata,6,79,71,198.99
aluminium,170.72,Kolkata,7,42,70,133.1
aluminium,192.13,Kolkata,8,76,67,181.05
aluminium,160.87,Kolkata,9,66,64,138.01
aluminium,205.02,Kolkata,10,86,38,220.19
aluminium,188.08,Kolkata,11,64,76,179.85
aluminium,178.18,Kolkata,12,47,77,180.14
aluminium,187.14,Chennai,1,84,84,143.18
aluminium,195.63,Chennai,2,67,52,176.51
aluminium,134.9,Chennai,3,40,96,105.04
aluminium,151.56,Chennai,4,42,81,129.94
aluminium,179.5,Chennai,5,57,85,172.24
aluminium,182.4,Chennai,6,74,100,194.68
aluminium,233.5,Chennai,7,60,38,230.87
aluminium,206.98,Chennai,8,42,38,190.1
aluminium,231.46,Chennai,9,68,30,205.43
aluminium,179.82,Chennai,10,61,50,176.64
aluminium,183.47,Chennai,11,35,51,192.55
aluminium,194.41,Chennai,12,68,37,237.51
aluminium,205.5,Hyderabad,1,76,50,172.04
aluminium,156.21,Hyderabad,2,75,100,120.48
aluminium,215.16,Hyderabad,3,73,36,204.43
aluminium,184.35,Hyderabad,4,50,47,173.27
aluminium,216.01,Hyderabad,5,84,44,229.75
aluminium,236.69,Hyderabad,6,90,32,266.37
aluminium,183.2,Hyderabad,7,85,73,177.94
aluminium,150.37,Hyderabad,8,52,90,134.92
aluminium,184.64,Hyderabad,9,94,95,171.63
aluminium,181.95,Hyderabad,10,85,89,180.82
aluminium,175.9,Hyderabad,11,68,74,180.48
aluminium,183.34,Hyderabad,12,84,82,203.94
pcb,246.8,Delhi,1,41,80,156.8
pcb,282.77,Delhi,2,66,33,275.12
pcb,191.66,Delhi,3,48,92,178.96
pcb,281.71,Delhi,4,57,36,277.08
pcb,289.04,Delhi,5,71,62,299.84
pcb,301.65,Delhi,6,88,70,349.9
pcb,267.86,Delhi,7,68,51,307.68
pcb,258.01,Delhi,8,50,76,242.29
pcb,268.66,Delhi,9,63,66,271.05
pcb,269.59,Delhi,10,42,38,268.99
pcb,245.26,Delhi,11,40,51,275.65
pcb,264.12,Delhi,12,59,75,287.49
pcb,284.64,Mumbai,1,86,45,269.57
pcb,337.74,Mumbai,2,91,32,367.46
pcb,253.32,Mumbai,3,44,46,260.12
pcb,262.91,Mumbai,4,70,79,277.49
pcb,298.15,Mumbai,5,72,52,347.39
pcb,265.85,Mumbai,6,47,60,332.57
pcb,335.1,Mumbai,7,93,66,366.38
pcb,218.64,Mumbai,8,42,95,208.81
pcb,242.79,Mumbai,9,51,86,214.94
pcb,278.3,Mumbai,10,58,65,292.34
pcb,285.69,Mumbai,11,87,89,324.51
pcb,299.5,Mumbai,12,69,53,374.39
pcb,206.5,Bengaluru,1,39,82,117.0
pcb,267.31,Bengaluru,2,78,90,224.74
pcb,212.93,Bengaluru,3,49,72,150.21
pcb,266.89,Bengaluru,4,65,98,232.23
pcb,281.61,Bengaluru,5,60,52,264.64
pcb,297.49,Bengaluru,6,80,57,321.33
pcb,308.18,Bengaluru,7,76,44,327.47
pcb,319.68,Bengaluru,8,78,41,334.17
pcb,274.64,Bengaluru,9,93,69,279.92
pcb,323.64,Bengaluru,10,74,40,309.44
pcb,290.45,Bengaluru,11,55,35,315.54
pcb,267.16,Bengaluru,12,64,63,289.48
pcb,213.52,Kolkata,1,49,94,117.0
pcb,238.18,Kolkata,2,46,50,199.82
pcb,259.46,Kolkata,3,79,65,213.35
pcb,259.08,Kolkata,4,86,89,234.01
pcb,239.75,Kolkata,5,59,77,227.28
pcb,300.98,Kolkata,6,79,56,319.57
pcb,271.56,Kolkata,7,91,89,267.21
pcb,243.62,Kolkata,8,77,90,214.27
pcb,220.84,Kolkata,9,53,71,167.02
pcb,256.31,Kolkata,10,70,65,228.21
pcb,242.23,Kolkata,11,36,58,236.47
pcb,296.08,Kolkata,12,58,42,324.94
pcb,264.53,Chennai,1,50,31,230.19
pcb,247.38,Chennai,2,60,51,221.79
pcb,260.73,Chennai,3,60,49,249.98
pcb,264.22,Chennai,4,78,99,257.43
pcb,286.91,Chennai,5,95,84,271.02
pcb,218.08,Chennai,6,52,98,210.93
pcb,295.77,Chennai,7,39,38,275.69
pcb,276.29,Chennai,8,74,69,288.68
pcb,208.16,Chennai,9,41,99,181.24
pcb,272.0,Chennai,10,94,83,255.22
pcb,285.12,Chennai,11,53,32,309.99
pcb,264.69,Chennai,12,88,99,278.25
pcb,232.59,Hyderabad,1,49,59,184.29
pcb,223.5,Hyderabad,2,48,69,177.15
pcb,238.87,Hyderabad,3,62,88,173.84
pcb,314.54,Hyderabad,4,93,33,328.43
pcb,272.31,Hyderabad,5,81,80,258.92
pcb,275.72,Hyderabad,6,80,82,286.36
pcb,337.49,Hyderabad,7,90,46,337.02
pcb,298.23,Hyderabad,8,62,30,282.77
pcb,287.13,Hyderabad,9,67,32,265.93
pcb,240.13,Hyderabad,10,72,77,199.37
pcb,319.22,Hyderabad,11,66,54,313.99
pcb,272.64,Hyderabad,12,78,71,300.7
battery,79.91,Delhi,1,68,92,67.5
battery,96.97,Delhi,2,76,54,97.44
battery,85.48,Delhi,3,67,100,75.71
battery,113.07,Delhi,4,67,39,109.39
battery,88.27,Delhi,5,38,57,100.74
battery,115.46,Delhi,6,55,39,120.91
battery,105.31,Delhi,7,56,44,109.03
battery,112.86,Delhi,8,93,75,113.66
battery,93.27,Delhi,9,89,98,85.85
battery,116.97,Delhi,10,94,50,117.68
battery,109.72,Delhi,11,69,53,120.62
battery,111.2,Delhi,12,95,82,130.99
battery,83.18,Mumbai,1,36,51,78.44
battery,112.92,Mumbai,2,45,41,106.05
battery,84.91,Mumbai,3,50,86,85.48
battery,118.99,Mumbai,4,87,63,124.76
battery,84.34,Mumbai,5,50,87,90.9
battery,115.9,Mumbai,6,63,43,140.66
battery,93.66,Mumbai,7,61,76,106.48
battery,120.85,Mumbai,8,92,60,121.0
battery,114.32,Mumbai,9,80,37,113.65
battery,110.6,Mumbai,10,69,34,123.38
battery,115.76,Mumbai,11,83,52,133.85
battery,117.34,Mumbai,12,73,57,135.99
battery,103.31,Bengaluru,1,62,44,85.24
battery,90.0,Bengaluru,2,49,59,78.3
battery,83.64,Bengaluru,3,60,91,70.82
battery,82.03,Bengaluru,4,51,64,84.09
battery,84.96,Bengaluru,5,68,85,87.87
battery,82.83,Bengaluru,6,48,52,89.06
battery,109.5,Bengaluru,7,87,78,112.53
battery,72.48,Bengaluru,8,50,96,61.19
battery,98.69,Bengaluru,9,87,80,95.21
battery,102.98,Bengaluru,10,54,39,102.53
battery,123.72,Bengaluru,11,91,43,129.93
battery,106.86,Bengaluru,12,78,74,124.37
battery,72.69,Kolkata,1,49,71,51.66
battery,88.92,Kolkata,2,52,90,64.46
battery,90.41,Kolkata,3,89,84,82.91
battery,71.97,Kolkata,4,50,95,70.16
battery,97.92,Kolkata,5,90,99,90.89
battery,95.8,Kolkata,6,44,52,99.24
battery,101.34,Kolkata,7,53,45,103.13
battery,117.02,Kolkata,8,85,35,109.54
battery,99.91,Kolkata,9,58,31,87.89
battery,106.82,Kolkata,10,86,80,104.36
battery,84.74,Kolkata,11,42,93,78.42
battery,108.75,Kolkata,12,82,40,128.57
battery,94.09,Chennai,1,83,66,83.43
battery,130.98,Chennai,2,91,31,127.94
battery,104.66,Chennai,3,58,39,100.96
battery,87.99,Chennai,4,60,68,88.22
battery,110.6,Chennai,5,79,33,126.62
battery,80.28,Chennai,6,55,77,90.89
battery,90.44,Chennai,7,38,72,91.97
battery,108.72,Chennai,8,86,48,111.02
battery,102.18,Chennai,9,67,58,102.36
battery,101.36,Chennai,10,81,70,97.98
battery,93.68,Chennai,11,44,59,100.06
battery,82.14,Chennai,12,37,86,87.53
battery,117.31,Hyderabad,1,92,36,102.84
battery,82.19,Hyderabad,2,44,78,56.39
battery,105.15,Hyderabad,3,51,42,88.36
battery,81.46,Hyderabad,4,55,63,80.28
battery,103.14,Hyderabad,5,74,56,112.37
battery,96.97,Hyderabad,6,74,81,108.72
battery,103.67,Hyderabad,7,62,37,105.7
battery,93.97,Hyderabad,8,87,86,97.85
battery,84.67,Hyderabad,9,61,82,81.1
battery,121.83,Hyderabad,10,95,56,119.27
battery,105.67,Hyderabad,11,73,58,127.08
battery,93.6,Hyderabad,12,69,71,111.06
plastic,33.06,Delhi,1,70,96,28.93
plastic,38.86,Delhi,2,55,56,35.72
plastic,41.82,Delhi,3,55,41,38.15
plastic,27.75,Delhi,4,36,97,23.93
plastic,36.75,Delhi,5,63,83,38.08
plastic,40.25,Delhi,6,64,44,47.53
plastic,35.25,Delhi,7,38,63,37.79
plastic,36.01,Delhi,8,35,64,35.09
plastic,36.36,Delhi,9,76,65,38.23
plastic,37.49,Delhi,10,43,50,38.48
plastic,40.26,Delhi,11,82,94,43.02
plastic,31.46,Delhi,12,56,97,38.61
plastic,45.4,Mumbai,1,92,51,41.29
plastic,36.79,Mumbai,2,84,90,36.22
plastic,44.24,Mumbai,3,66,41,46.58
plastic,31.11,Mumbai,4,41,90,31.14
plastic,42.52,Mumbai,5,80,51,52.03
plastic,34.0,Mumbai,6,41,83,42.42
plastic,41.47,Mumbai,7,71,96,44.03
plastic,47.95,Mumbai,8,79,37,51.97
plastic,46.04,Mumbai,9,72,42,49.83
plastic,42.09,Mumbai,10,46,47,46.74
plastic,35.46,Mumbai,11,70,92,44.31
plastic,42.96,Mumbai,12,78,47,55.84
plastic,29.07,Bengaluru,1,37,96,17.79
plastic,40.32,Bengaluru,2,55,66,33.32
plastic,36.06,Bengaluru,3,58,68,33.64
plastic,42.1,Bengaluru,4,56,38,44.56
plastic,37.64,Bengaluru,5,85,97,40.31
plastic,47.64,Bengaluru,6,93,44,56.3
plastic,42.34,Bengaluru,7,58,38,46.77
plastic,44.14,Bengaluru,8,90,73,44.82
plastic,38.99,Bengaluru,9,67,67,31.57
plastic,23.36,Bengaluru,10,43,88,20.95
plastic,48.32,Bengaluru,11,86,40,52.63
plastic,48.72,Bengaluru,12,69,33,54.85
plastic,36.9,Kolkata,1,75,74,29.9
plastic,43.81,Kolkata,2,85,45,38.55
plastic,33.83,Kolkata,3,52,75,26.41
plastic,36.26,Kolkata,4,52,49,37.03
plastic,44.81,Kolkata,5,83,39,47.94
plastic,41.2,Kolkata,6,65,57,42.08
plastic,37.48,Kolkata,7,60,81,35.18
plastic,39.36,Kolkata,8,75,72,38.54
plastic,39.95,Kolkata,9,67,54,38.07
plastic,39.91,Kolkata,10,95,90,36.28
plastic,31.61,Kolkata,11,52,93,31.38
plastic,40.91,Kolkata,12,45,51,46.99
plastic,37.13,Chennai,1,79,82,32.3
plastic,32.76,Chennai,2,44,81,27.04
plastic,37.65,Chennai,3,55,59,34.76
plastic,43.59,Chennai,4,77,58,44.89
plastic,49.26,Chennai,5,85,36,53.5
plastic,41.0,Chennai,6,79,77,43.88
plastic,45.04,Chennai,7,84,44,47.73
plastic,42.17,Chennai,8,80,47,45.77
plastic,44.39,Chennai,9,88,49,46.63
plastic,35.72,Chennai,10,52,77,35.37
plastic,39.24,Chennai,11,93,68,47.2
plastic,39.77,Chennai,12,70,73,46.78
plastic,37.12,Hyderabad,1,38,52,28.18
plastic,35.98,Hyderabad,2,61,78,28.62
plastic,37.74,Hyderabad,3,77,92,32.44
plastic,32.09,Hyderabad,4,45,96,25.94
plastic,43.35,Hyderabad,5,87,68,45.56
plastic,42.23,Hyderabad,6,84,53,47.39
plastic,35.9,Hyderabad,7,93,95,39.38
plastic,30.64,Hyderabad,8,36,82,27.29
plastic,30.87,Hyderabad,9,41,64,30.19
plastic,38.56,Hyderabad,10,71,75,37.51
plastic,37.34,Hyderabad,11,63,71,43.01
plastic,40.01,Hyderabad,12,75,87,43.08
steel,64.56,Delhi,1,57,30,60.92
steel,51.16,Delhi,2,43,89,40.77
steel,71.42,Delhi,3,71,38,68.31
steel,66.75,Delhi,4,52,43,72.3
steel,58.95,Delhi,5,59,73,67.6
steel,75.6,Delhi,6,73,34,88.81
steel,64.9,Delhi,7,50,49,68.55
steel,64.73,Delhi,8,62,37,72.52
steel,56.71,Delhi,9,44,60,54.0
steel,58.1,Delhi,10,52,78,55.09
steel,48.96,Delhi,11,36,100,55.72
steel,68.46,Delhi,12,76,81,82.42
steel,63.8,Mumbai,1,53,62,58.51
steel,55.45,Mumbai,2,57,77,55.58
steel,59.03,Mumbai,3,76,89,65.02
steel,73.25,Mumbai,4,59,52,76.07
steel,60.3,Mumbai,5,45,64,67.79
steel,65.39,Mumbai,6,69,92,73.28
steel,59.08,Mumbai,7,53,67,69.22
steel,66.99,Mumbai,8,48,30,74.12
steel,65.34,Mumbai,9,41,32,73.12
steel,68.38,Mumbai,10,55,41,69.24
steel,56.5,Mumbai,11,51,88,63.88
steel,66.09,Mumbai,12,37,36,85.49
steel,66.79,Bengaluru,1,70,48,57.24
steel,64.15,Bengaluru,2,67,83,45.99
steel,63.83,Bengaluru,3,60,45,61.58
steel,80.0,Bengaluru,4,93,38,82.35
steel,66.91,Bengaluru,5,44,42,68.43
steel,59.1,Bengaluru,6,77,100,61.75
steel,59.38,Bengaluru,7,45,61,60.08
steel,51.89,Bengaluru,8,93,99,51.26
steel,68.01,Bengaluru,9,72,45,65.94
steel,51.18,Bengaluru,10,50,82,46.21
steel,63.22,Bengaluru,11,58,88,62.75
steel,69.48,Bengaluru,12,67,33,78.23
steel,62.16,Kolkata,1,72,48,51.93
steel,46.34,Kolkata,2,41,88,32.64
steel,71.06,Kolkata,3,81,49,63.03
steel,56.69,Kolkata,4,62,70,55.55
steel,63.43,Kolkata,5,57,30,67.02
steel,67.14,Kolkata,6,82,75,70.51
steel,59.72,Kolkata,7,40,63,55.13
steel,75.93,Kolkata,8,63,34,77.71
steel,62.43,Kolkata,9,63,43,62.89
steel,70.84,Kolkata,10,89,37,72.91
steel,68.62,Kolkata,11,66,42,72.64
steel,58.36,Kolkata,12,45,52,63.15
steel,65.82,Chennai,1,67,55,58.91
steel,65.39,Chennai,2,60,44,58.44
steel,68.52,Chennai,3,77,37,65.97
steel,56.56,Chennai,4,63,73,61.52
steel,71.64,Chennai,5,93,83,76.39
steel,47.07,Chennai,6,43,100,51.68
steel,57.47,Chennai,7,38,52,62.14
steel,62.24,Chennai,8,90,87,61.36
steel,60.26,Chennai,9,54,65,56.77
steel,67.01,Chennai,10,83,71,70.4
steel,71.1,Chennai,11,48,43,79.88
steel,62.1,Chennai,12,36,71,65.34
steel,60.86,Hyderabad,1,61,60,47.1
steel,57.06,Hyderabad,2,83,96,43.42
steel,64.28,Hyderabad,3,51,62,52.98
steel,53.51,Hyderabad,4,52,76,48.32
steel,73.85,Hyderabad,5,94,54,84.06
steel,69.74,Hyderabad,6,53,41,74.25
steel,72.81,Hyderabad,7,87,45,78.6
steel,64.03,Hyderabad,8,67,48,66.7
steel,57.23,Hyderabad,9,46,72,52.32
steel,55.31,Hyderabad,10,75,97,53.28
steel,69.13,Hyderabad,11,91,71,74.61
steel,69.33,Hyderabad,12,92,78,78.43
pcb,318.15,Chennai,2,86,47,292.54
pcb,302.58,Kolkata,10,92,53,319.19
steel,52.05,Kolkata,1,51,77,30.21
copper,557.97,Mumbai,7,49,98,574.35
steel,52.86,Mumbai,12,71,98,71.52
steel,48.14,Kolkata,6,49,70,50.49
steel,64.68,Bengaluru,12,57,39,79.64
pcb,274.58,Mumbai,11,39,50,329.42
copper,822.55,Delhi,12,66,65,878.57
pcb,213.29,Kolkata,9,41,56,180.5
battery,86.68,Bengaluru,12,66,96,100.09
aluminium,203.94,Bengaluru,5,46,36,204.69
aluminium,238.58,Chennai,5,94,47,275.21
copper,727.77,Hyderabad,8,56,60,664.73
aluminium,215.45,Kolkata,5,95,63,211.12
steel,53.83,Kolkata,4,66,94,50.04
plastic,41.52,Hyderabad,11,42,50,43.43
copper,564.26,Chennai,7,39,95,503.49
plastic,40.25,Bengaluru,12,38,42,44.8
steel,54.3,Kolkata,4,47,98,47.36
copper,912.25,Chennai,7,85,39,905.38
steel,63.72,Kolkata,2,91,86,54.37
steel,59.93,Hyderabad,3,94,61,61.23
plastic,38.06,Hyderabad,5,52,55,41.18
plastic,38.42,Delhi,7,82,81,45.54
pcb,243.45,Delhi,1,54,41,235.0
plastic,35.9,Mumbai,5,66,77,44.59
steel,61.44,Kolkata,1,56,40,48.13
copper,856.29,Kolkata,5,90,48,881.76
battery,91.31,Kolkata,10,87,73,96.97
copper,686.77,Bengaluru,2,40,63,541.45
aluminium,162.9,Hyderabad,5,54,84,155.17
battery,118.48,Mumbai,3,74,42,126.59
plastic,46.26,Chennai,9,90,41,46.29
plastic,38.85,Delhi,8,65,67,39.58
battery,100.16,Mumbai,12,41,64,114.38
steel,69.39,Delhi,9,71,47,70.67
aluminium,163.56,Kolkata,12,36,63,165.14
plastic,39.14,Delhi,10,85,81,44.08
battery,80.15,Bengaluru,8,46,90,78.59
pcb,223.15,Kolkata,10,75,96,204.46
steel,54.76,Kolkata,10,57,65,48.67
battery,119.04,Mumbai,8,80,54,127.2
copper,600.08,Delhi,9,48,93,559.0
copper,716.52,Hyderabad,10,44,50,653.37
aluminium,206.64,Mumbai,11,79,83,225.91
plastic,35.59,Bengaluru,10,64,86,33.2
copper,698.63,Bengaluru,2,78,69,588.44
pcb,285.05,Bengaluru,3,82,71,245.15
plastic,41.86,Bengaluru,10,51,47,41.3
aluminium,171.67,Bengaluru,5,58,81,182.5
aluminium,216.24,Mumbai,4,57,39,233.84
steel,56.35,Bengaluru,11,49,68,65.21
plastic,26.71,Kolkata,8,36,91,18.11
pcb,306.57,Hyderabad,10,90,65,307.23
plastic,40.35,Chennai,1,70,63,35.55
pcb,282.93,Kolkata,10,68,75,233.73
steel,49.3,Mumbai,10,39,90,55.28
copper,741.16,Hyderabad,2,54,39,656.64
pcb,260.74,Kolkata,12,61,54,294.9
aluminium,159.78,Mumbai,3,46,83,146.82
copper,595.36,Delhi,11,35,78,642.49
aluminium,162.99,Chennai,12,51,95,168.21
steel,63.24,Hyderabad,10,60,46,59.98
battery,83.18,Mumbai,1,61,100,68.28
pcb,251.16,Kolkata,10,70,56,227.77
plastic,42.84,Delhi,7,69,55,48.94
steel,58.28,Hyderabad,7,79,87,60.14
pcb,256.05,Chennai,2,57,46,223.63
aluminium,180.89,Bengaluru,6,80,91,185.13
copper,673.73,Hyderabad,2,60,76,558.32
pcb,231.69,Hyderabad,9,40,83,187.93
copper,738.66,Mumbai,3,46,58,702.96
pcb,265.67,Mumbai,11,67,86,297.04
copper,811.54,Mumbai,4,43,31,928.74
steel,65.46,Bengaluru,11,73,58,75.69
plastic,45.82,Kolkata,6,82,41,52.59
aluminium,196.11,Mumbai,11,39,46,229.94
battery,100.97,Mumbai,2,72,68,99.58
plastic,36.19,Delhi,12,41,81,40.8
aluminium,200.95,Kolkata,12,80,33,243.05
plastic,35.57,Hyderabad,3,53,65,33.98
steel,63.65,Bengaluru,10,83,98,61.78
steel,54.85,Mumbai,9,50,67,58.41
pcb,282.57,Hyderabad,1,79,87,191.96
steel,70.64,Bengaluru,8,75,63,67.31
battery,114.42,Bengaluru,8,88,36,120.5
aluminium,173.33,Kolkata,12,64,92,176.08
aluminium,194.21,Bengaluru,3,71,50,180.49
battery,96.46,Bengaluru,3,90,80,97.78
pcb,243.44,Delhi,6,56,88,254.71
steel,74.26,Bengaluru,12,87,33,86.91
aluminium,223.6,Chennai,9,89,51,212.12
aluminium,220.18,Chennai,3,83,46,203.45
pcb,283.86,Chennai,2,73,56,274.67
plastic,36.34,Delhi,6,38,75,38.6
steel,51.03,Chennai,1,56,98,34.35
battery,92.22,Mumbai,11,76,95,112.15
aluminium,180.11,Mumbai,2,40,43,185.28
copper,657.39,Delhi,1,36,39,508.33
copper,757.77,Chennai,1,73,59,611.52
steel,64.73,Hyderabad,9,60,61,53.8
copper,759.71,Mumbai,6,83,85,921.66
aluminium,220.78,Chennai,11,77,53,232.28
steel,79.24,Delhi,11,81,44,87.5
aluminium,171.94,Kolkata,11,41,50,183.61
pcb,254.76,Kolkata,4,72,61,243.44
battery,94.77,Mumbai,9,72,77,93.26
plastic,39.11,Bengaluru,1,59,60,30.25
copper,831.27,Chennai,9,82,46,785.1
copper,792.96,Chennai,12,63,68,863.76
pcb,279.07,Hyderabad,6,93,67,326.18
copper,677.51,Delhi,5,66,77,726.15
pcb,233.03,Kolkata,6,94,98,255.47
pcb,240.62,Mumbai,2,40,71,206.17
copper,834.17,Kolkata,9,78,32,764.99
copper,718.57,Hyderabad,12,45,58,741.32
battery,78.6,Mumbai,5,52,83,93.16
steel,57.67,Kolkata,2,81,64,46.66
steel,66.12,Chennai,4,56,47,65.59
plastic,45.99,Hyderabad,1,95,37,38.85
battery,106.19,Bengaluru,12,54,44,115.69
aluminium,204.19,Mumbai,12,61,47,248.72
steel,69.47,Kolkata,10,93,49,73.24
copper,683.94,Kolkata,3,65,70,612.7
battery,100.93,Chennai,5,60,53,110.36
battery,109.65,Hyderabad,12,62,33,120.26
aluminium,219.58,Mumbai,1,94,52,213.75
steel,63.27,Mumbai,9,38,30,66.19
copper,686.09,Delhi,11,41,41,788.21
plastic,35.63,Bengaluru,5,39,62,36.24
plastic,33.11,Kolkata,3,71,94,29.08
steel,71.42,Mumbai,10,75,40,78.47
plastic,45.97,Hyderabad,6,69,51,51.22
plastic,38.13,Mumbai,9,37,37,40.22
pcb,258.31,Mumbai,6,68,75,307.4
battery,110.48,Chennai,3,78,33,107.77
copper,727.76,Chennai,3,45,33,622.2
copper,691.02,Bengaluru,1,45,39,568.48
plastic,46.02,Kolkata,12,67,31,50.21
battery,103.35,Delhi,11,81,80,111.99
steel,69.76,Mumbai,7,83,35,90.15
steel,57.9,Kolkata,6,60,75,56.49
battery,82.14,Chennai,1,77,81,75.03
plastic,29.68,Kolkata,7,54,95,30.28
steel,62.82,Hyderabad,3,57,45,56.38
battery,76.92,Chennai,2,48,97,53.61
steel,57.52,Chennai,3,70,73,56.46
copper,746.73,Chennai,8,95,68,753.07
copper,862.31,Hyderabad,5,53,35,822.69
copper,851.6,Mumbai,7,55,31,898.61
steel,60.5,Delhi,6,83,97,67.36
pcb,269.4,Hyderabad,9,64,50,234.75
copper,773.07,Delhi,1,68,50,637.82
plastic,41.88,Bengaluru,7,66,49,47.69
aluminium,161.12,Mumbai,5,55,76,184.39
pcb,281.89,Mumbai,5,62,52,316.46
pcb,231.94,Hyderabad,7,47,72,221.75
plastic,36.76,Bengaluru,11,60,82,40.37
copper,818.98,Mumbai,1,94,72,761.85
plastic,48.38,Chennai,7,73,49,49.76
steel,72.08,Bengaluru,6,93,68,76.61
copper,749.2,Hyderabad,3,35,35,641.51
pcb,225.86,Delhi,6,44,99,226.2
plastic,32.33,Hyderabad,12,51,86,37.49
battery,102.97,Delhi,12,79,65,124.96
steel,75.45,Kolkata,9,87,41,64.88
pcb,270.84,Hyderabad,5,55,67,248.18
plastic,37.71,Mumbai,3,36,58,36.48
pcb,253.41,Bengaluru,3,65,77,230.63
pcb,260.73,Bengaluru,4,78,62,251.72
pcb,277.4,Delhi,7,51,45,276.99
plastic,45.62,Delhi,7,65,69,47.07
copper,667.27,Mumbai,10,90,96,706.27
pcb,303.86,Chennai,9,95,64,298.23
pcb,330.81,Chennai,7,82,42,346.11
copper,665.09,Hyderabad,8,51,48,562.13
copper,874.68,Bengaluru,4,85,32,847.82
steel,50.37,Bengaluru,6,58,99,55.28
pcb,254.46,Kolkata,1,48,44,199.02
pcb,222.46,Hyderabad,1,65,86,162.28
battery,95.1,Delhi,10,79,89,99.25
copper,696.5,Chennai,9,84,84,583.24
aluminium,155.58,Hyderabad,12,62,84,168.97
copper,796.43,Delhi,9,81,82,681.89
plastic,43.75,Bengaluru,2,80,49,41.78
battery,78.7,Bengaluru,6,51,98,81.14
pcb,281.73,Mumbai,4,87,93,297.66
plastic,36.11,Kolkata,1,60,63,28.32
aluminium,198.16,Chennai,5,72,70,210.27
steel,85.22,Mumbai,9,94,30,89.75
plastic,44.52,Delhi,2,91,67,43.18
aluminium,219.48,Kolkata,4,51,41,195.53
steel,61.98,Bengaluru,9,50,34,62.92
copper,833.27,Delhi,7,66,50,828.21
aluminium,167.22,Bengaluru,12,50,93,176.33
copper,744.91,Kolkata,5,78,64,702.92
pcb,317.46,Chennai,12,81,62,360.57
plastic,27.23,Hyderabad,12,40,93,29.91
copper,677.34,Bengaluru,4,54,55,633.58
aluminium,203.3,Mumbai,7,89,90,226.36
aluminium,177.22,Kolkata,1,42,76,110.29
pcb,267.44,Delhi,10,92,93,267.0
plastic,45.47,Hyderabad,4,92,56,47.65
steel,63.09,Delhi,6,57,68,65.12
aluminium,170.95,Chennai,4,53,74,152.66
plastic,48.88,Kolkata,12,82,31,57.75
pcb,229.53,Mumbai,7,42,94,240.87
plastic,44.24,Bengaluru,12,77,68,53.11
steel,61.6,Bengaluru,7,36,38,63.46
copper,771.86,Chennai,11,88,72,855.42
battery,88.46,Kolkata,11,67,91,90.13
plastic,41.48,Mumbai,2,87,83,39.34
battery,90.52,Hyderabad,5,77,79,89.58
pcb,305.2,Hyderabad,9,81,35,306.38
aluminium,198.07,Delhi,9,70,73,184.71
plastic,39.09,Delhi,1,79,73,36.8
copper,687.64,Hyderabad,12,54,83,624.15
steel,54.97,Bengaluru,2,54,85,46.79
battery,80.95,Kolkata,11,72,100,84.67
copper,837.57,Mumbai,10,56,40,856.32
aluminium,180.05,Chennai,6,72,95,178.66
copper,548.12,Bengaluru,9,39,50,454.14
aluminium,146.09,Delhi,3,43,70,143.89
copper,858.89,Bengaluru,4,85,51,850.73
copper,923.41,Mumbai,11,85,56,988.48
aluminium,167.77,Mumbai,9,39,66,169.26
plastic,36.97,Delhi,1,95,91,32.75
aluminium,139.71,Delhi,11,38,68,157.33
steel,63.23,Chennai,6,52,86,64.5
steel,57.08,Hyderabad,5,44,70,59.14
plastic,35.05,Delhi,11,41,77,37.79
plastic,38.68,Bengaluru,1,57,54,34.13
battery,98.11,Chennai,4,81,47,110.12
plastic,40.31,Hyderabad,3,71,70,35.1
copper,796.5,Delhi,3,61,40,740.26
aluminium,237.57,Chennai,3,95,49,236.4
copper,553.63,Hyderabad,8,55,83,487.71
aluminium,171.15,Kolkata,3,95,98,161.51
aluminium,196.89,Bengaluru,7,72,72,194.76
pcb,312.07,Hyderabad,5,84,44,326.81
aluminium,181.74,Hyderabad,4,67,96,145.57
pcb,255.09,Bengaluru,3,67,95,221.72
pcb,280.58,Hyderabad,7,43,34,261.74
copper,726.83,Mumbai,10,81,89,674.94
copper,604.64,Delhi,1,38,79,409.65
copper,687.25,Chennai,11,78,92,755.63
battery,93.64,Mumbai,12,38,71,115.11
plastic,40.7,Chennai,5,95,65,47.56
copper,778.19,Bengaluru,6,86,70,832.5
steel,69.45,Kolkata,10,70,54,66.93
battery,108.55,Mumbai,10,83,74,112.56
plastic,27.34,Delhi,2,51,89,23.58
battery,84.27,Mumbai,2,59,72,76.72
steel,54.83,Chennai,5,71,98,59.32
battery,78.45,Hyderabad,11,37,81,85.26
aluminium,202.88,Delhi,10,43,56,181.75
aluminium,213.83,Bengaluru,7,95,46,243.11
copper,618.56,Chennai,11,58,89,616.48
plastic,42.04,Mumbai,5,46,33,48.73
battery,99.33,Kolkata,12,68,75,117.73
aluminium,196.26,Mumbai,1,73,78,176.63
plastic,33.55,Mumbai,11,38,72,39.59
steel,68.53,Chennai,8,88,62,67.34
aluminium,183.96,Delhi,9,49,52,160.3
steel,75.2,Hyderabad,7,95,45,85.6
plastic,41.33,Bengaluru,10,73,50,43.56
steel,66.57,Delhi,11,92,88,70.6
battery,109.99,Kolkata,7,77,67,103.1
copper,714.8,Mumbai,10,43,56,718.58
aluminium,174.77,Kolkata,1,61,66,131.51
pcb,271.44,Bengaluru,3,72,52,269.28
aluminium,171.46,Bengaluru,2,74,83,151.95
steel,63.84,Hyderabad,1,49,48,51.02
plastic,44.71,Kolkata,8,76,38,46.52
plastic,50.0,Mumbai,5,64,32,56.26
copper,608.05,Hyderabad,5,35,76,580.92
battery,84.1,Bengaluru,7,44,74,90.54
steel,65.59,Delhi,2,91,57,71.63
copper,784.7,Chennai,3,56,30,775.89
aluminium,211.65,Delhi,3,62,36,205.32
pcb,310.1,Chennai,8,87,38,316.0
pcb,239.48,Delhi,5,59,96,239.65
steel,62.54,Hyderabad,9,66,62,56.06
copper,736.18,Delhi,6,72,87,721.39
aluminium,180.12,Mumbai,11,91,88,224.97
copper,856.49,Mumbai,2,65,51,835.41
aluminium,177.28,Hyderabad,11,56,92,182.51
battery,111.49,Hyderabad,11,69,40,113.04
pcb,311.18,Delhi,4,75,47,332.31
plastic,35.82,Hyderabad,7,73,79,36.1
battery,73.79,Kolkata,3,50,88,62.92
plastic,45.72,Chennai,12,70,50,53.13
steel,65.87,Bengaluru,9,91,86,59.54
copper,684.76,Hyderabad,3,60,46,595.16
plastic,32.9,Hyderabad,12,47,58,41.27
plastic,42.38,Mumbai,4,86,78,48.74
pcb,259.21,Mumbai,6,69,87,306.83
plastic,38.6,Kolkata,5,63,51,39.7
battery,90.95,Bengaluru,6,53,71,100.56
plastic,44.64,Chennai,9,80,34,49.0
pcb,233.92,Mumbai,2,40,71,221.51
pcb,314.12,Mumbai,9,75,42,312.32
aluminium,162.0,Bengaluru,5,38,92,151.07
battery,82.71,Delhi,12,58,96,98.95
steel,59.18,Delhi,5,79,87,69.51
battery,94.06,Hyderabad,4,49,55,98.23
aluminium,194.54,Delhi,3,53,47,192.62
steel,66.56,Mumbai,4,65,67,68.68
steel,59.49,Kolkata,7,91,87,60.36
pcb,268.76,Mumbai,4,80,89,275.46
plastic,47.05,Kolkata,11,89,30,54.75
copper,663.55,Bengaluru,7,51,72,645.77
pcb,212.04,Mumbai,9,40,70,214.24
battery,92.16,Mumbai,3,81,91,88.87
pcb,279.75,Chennai,3,82,65,281.76
copper,902.11,Chennai,7,86,37,946.3
copper,721.13,Hyderabad,11,66,79,721.8
pcb,261.38,Kolkata,10,91,73,264.29
copper,741.86,Kolkata,12,65,61,804.77
plastic,36.54,Hyderabad,4,44,51,36.45
plastic,42.91,Mumbai,10,71,55,47.78
copper,659.71,Mumbai,7,43,63,723.0
copper,804.9,Mumbai,5,54,45,852.05
plastic,47.38,Kolkata,7,92,62,46.08
pcb,235.11,Bengaluru,9,48,100,170.03
battery,90.54,Kolkata,11,56,67,104.42
plastic,47.96,Delhi,6,72,34,53.63
aluminium,196.48,Mumbai,8,55,70,192.12
plastic,29.0,Delhi,1,47,92,23.0
pcb,293.96,Delhi,6,69,67,300.88
aluminium,231.08,Delhi,12,80,50,271.31
steel,66.9,Hyderabad,12,94,95,73.34
plastic,40.47,Chennai,10,66,82,40.23
battery,94.94,Bengaluru,3,85,83,88.39
plastic,41.41,Bengaluru,4,66,56,40.64
pcb,232.78,Bengaluru,7,61,83,236.2
aluminium,212.49,Hyderabad,3,70,34,197.67
battery,108.14,Bengaluru,4,61,52,103.11
plastic,42.04,Mumbai,12,63,76,51.68
steel,65.5,Bengaluru,9,67,45,63.34
aluminium,192.79,Hyderabad,2,86,59,164.02
aluminium,178.4,Delhi,10,72,93,158.64
pcb,241.22,Hyderabad,3,42,49,200.95
battery,99.79,Delhi,2,44,43,91.85
copper,775.56,Bengaluru,7,55,45,791.44
pcb,289.78,Delhi,9,42,43,282.25
copper,584.6,Kolkata,8,68,100,522.93
pcb,286.14,Mumbai,11,73,69,337.48
pcb,230.76,Mumbai,2,61,100,198.3
aluminium,161.34,Hyderabad,8,38,58,135.25
steel,63.78,Hyderabad,2,66,67,56.24
aluminium,193.08,Delhi,10,49,48,182.15
steel,76.07,Chennai,12,68,30,88.83
battery,101.83,Delhi,3,70,48,115.86
plastic,38.45,Bengaluru,9,66,72,38.17
plastic,36.21,Hyderabad,12,75,85,40.29
pcb,272.81,Hyderabad,3,75,30,255.53
copper,674.03,Chennai,12,45,77,746.94
aluminium,140.25,Kolkata,10,36,97,106.45
copper,655.22,Chennai,3,44,63,535.12
steel,68.89,Chennai,2,66,30,64.58
steel,69.07,Delhi,9,71,38,73.6
aluminium,176.93,Hyderabad,4,44,70,146.06
aluminium,177.15,Kolkata,4,42,48,147.16
steel,72.12,Mumbai,8,76,80,74.63
aluminium,178.61,Kolkata,10,51,82,160.21
copper,790.47,Chennai,3,65,34,765.59
aluminium,184.64,Kolkata,8,83,95,168.76
plastic,33.61,Hyderabad,7,38,63,32.32
steel,50.96,Hyderabad,10,40,73,38.86
plastic,38.93,Mumbai,9,39,35,39.74
battery,79.31,Delhi,4,39,83,74.12
plastic,36.91,Bengaluru,10,62,79,36.82
plastic,32.23,Hyderabad,3,40,71,23.26
aluminium,170.66,Kolkata,6,41,70,163.54
pcb,352.63,Mumbai,11,87,30,417.61
battery,87.36,Bengaluru,1,57,48,79.84
copper,710.3,Chennai,9,72,94,596.53
copper,603.57,Hyderabad,5,49,95,536.24
pcb,322.66,Chennai,3,94,42,314.18
pcb,241.15,Chennai,3,47,92,188.35
copper,743.12,Chennai,8,72,91,674.45
pcb,296.9,Hyderabad,3,65,49,269.02
copper,849.67,Mumbai,2,88,52,814.01
pcb,229.6,Kolkata,3,43,81,166.02
battery,90.28,Hyderabad,1,84,68,75.43
plastic,34.56,Kolkata,5,35,73,31.25
aluminium,182.81,Mumbai,3,41,47,181.41
battery,110.45,Kolkata,4,91,44,117.17
plastic,41.67,Hyderabad,5,88,42,45.38
steel,79.05,Delhi,6,90,33,93.07
battery,71.66,Mumbai,2,45,96,60.23
steel,59.71,Chennai,10,52,75,53.53
plastic,40.5,Kolkata,6,46,31,43.65
steel,65.82,Bengaluru,9,71,76,59.02
copper,696.41,Delhi,10,76,87,691.33
aluminium,225.93,Hyderabad,4,83,53,222.91
plastic,42.96,Mumbai,4,68,47,46.27
copper,599.24,Delhi,6,49,93,612.47
aluminium,202.71,Chennai,7,81,70,207.52
steel,61.16,Delhi,5,35,51,69.61
copper,765.29,Delhi,4,85,58,827.23
battery,103.41,Delhi,11,53,43,109.22
aluminium,161.47,Bengaluru,10,42,58,152.97
aluminium,178.72,Hyderabad,1,82,95,119.37
copper,813.67,Hyderabad,12,43,33,835.65
plastic,42.48,Mumbai,2,39,43,38.03
aluminium,218.45,Hyderabad,8,75,42,202.6
plastic,32.59,Bengaluru,1,42,91,21.99
copper,686.98,Kolkata,8,92,83,623.45
aluminium,253.3,Delhi,1,95,35,235.31
copper,746.46,Delhi,7,52,50,741.58
aluminium,167.39,Bengaluru,9,48,75,143.69
battery,88.24,Delhi,7,44,70,92.87
steel,69.15,Chennai,12,80,76,77.81
copper,655.12,Delhi,3,38,45,643.6
copper,869.1,Mumbai,9,94,86,829.25
steel,60.08,Chennai,4,56,73,57.31
copper,660.84,Hyderabad,4,67,87,637.31
aluminium,183.85,Delhi,10,84,99,176.69
plastic,42.59,Bengaluru,6,45,61,42.88
pcb,290.57,Delhi,7,45,31,309.98
copper,876.27,Mumbai,5,78,52,930.82
plastic,42.39,Hyderabad,10,53,39,42.5
copper,739.06,Mumbai,10,72,92,675.09
battery,80.34,Kolkata,5,51,97,67.66
pcb,310.54,Delhi,2,84,51,296.64
copper,796.63,Delhi,2,77,51,685.49
copper,806.94,Delhi,3,65,43,727.8
aluminium,230.51,Delhi,12,93,52,279.55
battery,92.72,Kolkata,9,68,88,74.82
copper,700.3,Mumbai,12,41,75,807.48
battery,95.58,Delhi,2,44,43,85.84
copper,718.1,Bengaluru,1,40,39,494.75
pcb,289.49,Chennai,7,68,64,308.49
pcb,249.96,Chennai,12,65,91,268.56
pcb,287.85,Bengaluru,4,62,48,258.99
aluminium,220.56,Delhi,6,71,52,235.67
copper,784.12,Kolkata,7,82,73,777.13
aluminium,196.26,Chennai,11,41,36,212.29
copper,711.59,Hyderabad,6,83,80,708.3
aluminium,207.62,Hyderabad,12,59,36,219.13
steel,71.31,Delhi,12,64,49,82.2
pcb,264.87,Bengaluru,3,56,53,224.46
battery,89.56,Hyderabad,7,46,54,91.98
aluminium,182.88,Delhi,9,65,62,183.36
plastic,36.84,Hyderabad,10,55,57,32.92
steel,61.75,Delhi,1,55,44,53.81
pcb,248.36,Hyderabad,6,69,78,275.49
aluminium,183.87,Bengaluru,4,70,91,160.93
battery,87.52,Kolkata,9,55,75,70.27
copper,594.24,Hyderabad,7,37,91,496.77
steel,78.21,Chennai,6,72,30,93.96
aluminium,193.66,Hyderabad,1,52,39,153.69
steel,57.26,Kolkata,3,69,78,49.02
battery,85.4,Bengaluru,2,51,92,67.49
copper,654.64,Kolkata,1,50,82,422.18
plastic,42.27,Delhi,1,77,63,39.15
battery,86.47,Bengaluru,7,65,94,82.75
pcb,188.43,Kolkata,5,50,92,169.57
battery,92.63,Hyderabad,2,67,66,80.67
battery,123.98,Mumbai,6,72,34,151.88
plastic,42.6,Mumbai,11,65,54,51.8
pcb,261.04,Delhi,5,67,78,274.05
copper,748.19,Bengaluru,10,79,69,630.95
pcb,251.84,Mumbai,9,39,40,257.23
battery,94.57,Bengaluru,1,71,72,71.99
copper,803.92,Delhi,11,57,37,896.45
steel,56.86,Chennai,10,51,53,55.0
plastic,38.64,Kolkata,8,35,32,36.08
copper,653.76,Mumbai,12,47,94,753.78
aluminium,220.36,Bengaluru,6,83,54,237.17
copper,618.11,Delhi,10,39,73,530.84
plastic,38.86,Hyderabad,10,61,65,38.33
pcb,257.12,Bengaluru,7,77,60,271.66
aluminium,212.21,Hyderabad,4,69,50,186.37
pcb,278.46,Hyderabad,7,68,79,266.77
battery,72.24,Bengaluru,4,70,100,62.7
copper,617.08,Bengaluru,2,69,87,491.53
pcb,278.54,Bengaluru,5,87,93,273.75
pcb,258.57,Kolkata,8,94,80,283.03
pcb,312.0,Chennai,8,76,62,307.81
aluminium,155.54,Delhi,12,49,98,172.91
steel,64.94,Kolkata,11,45,34,68.38
battery,117.24,Kolkata,11,86,37,128.74
steel,47.33,Bengaluru,9,41,96,40.76
copper,839.05,Bengaluru,1,94,31,786.17
battery,96.86,Chennai,4,83,73,101.42
aluminium,176.09,Mumbai,4,55,93,171.87
pcb,256.11,Mumbai,2,55,76,252.88
pcb,243.18,Delhi,2,49,90,196.83
aluminium,202.86,Bengaluru,2,66,49,163.33
aluminium,181.04,Kolkata,12,66,74,203.36
battery,95.85,Kolkata,1,90,93,78.1
aluminium,177.04,Chennai,11,35,64,181.39
aluminium,179.48,Chennai,12,43,46,204.57
aluminium,152.18,Kolkata,5,43,88,140.06
copper,735.44,Delhi,1,81,74,652.94
plastic,40.17,Bengaluru,11,89,86,47.7
plastic,35.36,Chennai,5,52,61,39.43
plastic,42.33,Bengaluru,2,50,33,38.53
aluminium,187.53,Bengaluru,9,52,48,173.09
copper,908.04,Bengaluru,12,82,30,984.49
battery,90.0,Mumbai,4,48,55,92.32
battery,107.06,Delhi,11,90,72,128.41
pcb,291.77,Delhi,11,54,50,309.26
steel,53.92,Chennai,6,44,89,57.57
plastic,33.55,Hyderabad,3,76,94,33.27
battery,101.17,Chennai,12,66,72,111.56
aluminium,245.83,Delhi,7,85,35,260.16
aluminium,226.6,Kolkata,4,78,32,212.12
pcb,300.74,Delhi,9,81,49,313.27
pcb,285.49,Bengaluru,11,81,51,326.46
battery,88.47,Mumbai,10,54,91,89.42
copper,709.91,Kolkata,1,48,45,511.17
aluminium,213.9,Chennai,5,49,47,209.35
pcb,263.36,Hyderabad,5,41,70,222.41
plastic,33.12,Mumbai,1,56,95,30.71
plastic,38.04,Hyderabad,7,53,49,44.11
copper,784.01,Mumbai,12,60,81,913.62
pcb,242.64,Kolkata,5,57,97,210.04
plastic,40.33,Delhi,3,71,74,38.87
copper,710.28,Hyderabad,6,52,51,720.75
copper,925.74,Bengaluru,9,88,36,914.45
aluminium,171.31,Kolkata,1,39,40,125.57
plastic,39.09,Bengaluru,11,79,80,47.05
steel,65.88,Kolkata,10,89,90,63.19
pcb,288.78,Chennai,10,92,71,290.14
pcb,272.86,Chennai,11,44,60,281.47
steel,56.75,Hyderabad,8,50,70,50.9
plastic,43.2,Mumbai,11,62,70,48.83
plastic,36.22,Hyderabad,3,50,63,33.66
plastic,41.17,Kolkata,3,63,43,37.87
copper,837.69,Delhi,2,78,44,784.93
aluminium,220.97,Kolkata,3,87,36,194.96
copper,764.17,Chennai,8,63,56,748.99
pcb,252.58,Delhi,12,49,41,291.82
pcb,218.83,Delhi,4,50,87,206.65
copper,689.32,Mumbai,5,48,77,702.91
pcb,271.05,Hyderabad,5,76,76,296.9
plastic,43.89,Bengaluru,9,72,35,40.51
battery,112.51,Delhi,6,86,49,130.61
steel,51.94,Chennai,12,46,98,55.39
battery,81.66,Chennai,1,48,78,60.37
aluminium,163.38,Delhi,7,42,76,166.12
battery,92.58,Bengaluru,1,51,39,73.83
copper,776.39,Kolkata,3,51,31,678.33
plastic,47.2,Kolkata,8,92,48,47.28
plastic,41.59,Hyderabad,7,48,34,43.5
steel,73.97,Bengaluru,1,52,40,58.33
plastic,33.03,Bengaluru,8,41,68,34.35
pcb,256.4,Kolkata,4,51,39,221.66
aluminium,172.96,Kolkata,6,60,74,160.17
aluminium,173.62,Mumbai,1,61,80,142.09
plastic,34.63,Bengaluru,4,56,78,32.67
copper,637.46,Kolkata,1,93,93,484.26
battery,92.32,Kolkata,3,39,50,78.37
steel,66.68,Bengaluru,11,58,61,72.24
battery,95.91,Delhi,6,75,80,103.12
plastic,45.8,Delhi,11,76,30,53.19
pcb,230.54,Mumbai,7,35,48,268.22
copper,831.95,Bengaluru,11,47,41,795.66
copper,837.18,Kolkata,5,47,30,768.22
plastic,42.48,Bengaluru,5,78,67,42.17
steel,65.17,Mumbai,12,48,32,81.53
plastic,34.56,Hyderabad,6,50,66,37.32
copper,602.66,Chennai,7,86,95,626.25
copper,677.65,Bengaluru,11,43,68,664.19
aluminium,186.12,Chennai,9,49,67,152.63
pcb,247.71,Hyderabad,7,68,79,253.76
plastic,38.21,Chennai,11,52,57,42.44
pcb,282.16,Kolkata,12,68,57,292.17
battery,91.81,Hyderabad,11,45,54,93.69
aluminium,169.07,Kolkata,3,67,83,135.3
plastic,39.98,Kolkata,7,83,71,42.09
battery,88.76,Bengaluru,1,51,61,80.67
pcb,290.47,Chennai,2,56,35,248.6
aluminium,160.73,Kolkata,10,45,45,141.33
steel,75.28,Hyderabad,11,87,50,79.62
battery,102.41,Hyderabad,10,78,37,103.11
copper,904.5,Delhi,12,75,37,1053.78
battery,80.35,Delhi,2,77,100,66.23
aluminium,206.6,Bengaluru,6,75,41,233.8
battery,83.02,Hyderabad,7,43,100,73.64
battery,117.36,Kolkata,3,90,33,109.71
steel,49.45,Kolkata,5,40,72,44.07
pcb,291.83,Delhi,5,48,35,285.16
copper,758.06,Hyderabad,6,95,92,805.05
steel,57.45,Hyderabad,4,35,46,49.82
steel,61.94,Bengaluru,9,55,39,56.26
aluminium,193.59,Hyderabad,11,60,47,194.86
copper,654.73,Bengaluru,10,44,58,605.21
copper,562.18,Hyderabad,3,46,96,369.29
aluminium,165.7,Kolkata,8,50,87,121.97
pcb,300.54,Hyderabad,3,94,43,303.62
plastic,44.89,Chennai,4,92,60,49.48
battery,101.53,Kolkata,11,58,66,101.95
aluminium,194.01,Kolkata,10,42,34,185.33
pcb,177.61,Kolkata,5,37,88,158.37
plastic,40.09,Delhi,9,91,83,39.73
pcb,230.35,Bengaluru,4,55,56,219.99
aluminium,205.58,Chennai,3,68,64,195.53
pcb,225.35,Mumbai,4,53,97,213.87
pcb,236.51,Hyderabad,9,77,83,191.4
copper,901.32,Delhi,10,75,49,856.46
steel,68.65,Mumbai,10,58,58,74.9
battery,104.2,Delhi,1,84,58,88.76
copper,849.52,Delhi,12,62,41,999.92
pcb,247.58,Delhi,4,63,68,246.05
copper,636.64,Kolkata,2,39,77,404.62
aluminium,203.5,Kolkata,11,61,43,217.68
aluminium,191.43,Kolkata,2,72,53,157.51
plastic,39.22,Kolkata,8,61,69,36.76
plastic,48.68,Delhi,12,78,33,58.48
plastic,37.17,Mumbai,4,72,88,40.61
pcb,200.29,Chennai,4,51,91,175.76
battery,92.06,Kolkata,6,77,97,92.54
pcb,303.74,Bengaluru,6,95,73,334.22
copper,731.04,Kolkata,10,66,94,586.37
copper,785.09,Bengaluru,2,66,40,683.16
battery,100.02,Delhi,11,81,80,112.62
copper,748.14,Kolkata,10,37,33,652.67
pcb,229.82,Delhi,1,41,79,167.96
steel,73.91,Mumbai,6,67,53,87.86
pcb,242.52,Delhi,1,60,94,169.14
aluminium,181.01,Mumbai,8,66,75,190.47
aluminium,177.05,Delhi,8,36,47,170.2
pcb,215.89,Kolkata,8,63,92,156.36
steel,62.07,Mumbai,4,78,86,71.01
battery,102.71,Hyderabad,12,74,78,111.96
steel,57.88,Hyderabad,9,56,64,54.19
battery,92.69,Delhi,11,43,41,109.77
copper,840.42,Bengaluru,9,95,69,785.15
steel,60.91,Kolkata,12,42,36,74.62
steel,41.92,Chennai,3,39,87,41.07
copper,887.13,Chennai,11,80,46,936.97
aluminium,182.89,Chennai,3,81,79,180.23
aluminium,212.52,Delhi,7,69,36,237.46
aluminium,188.25,Mumbai,12,50,78,215.98
plastic,30.24,Bengaluru,6,44,88,34.45
aluminium,202.43,Hyderabad,3,93,69,178.25
plastic,41.47,Delhi,6,79,58,49.87
plastic,37.31,Bengaluru,5,84,91,40.14
battery,120.91,Chennai,12,85,39,150.83
pcb,228.3,Bengaluru,4,62,90,224.52
battery,95.96,Chennai,4,55,49,98.94
copper,912.08,Delhi,11,76,35,960.58
battery,89.26,Hyderabad,12,52,71,99.95
steel,64.74,Kolkata,10,91,78,64.82
pcb,318.17,Chennai,7,83,31,335.86
plastic,49.28,Delhi,3,88,32,47.77
steel,55.09,Mumbai,8,77,98,67.86
copper,581.67,Chennai,2,37,93,379.93
steel,69.76,Mumbai,7,95,94,80.07
battery,97.78,Mumbai,1,81,71,94.1
aluminium,154.43,Bengaluru,3,70,100,114.0
battery,87.03,Mumbai,9,46,100,76.84
aluminium,210.23,Delhi,5,68,42,226.3
pcb,271.91,Delhi,7,88,86,287.12
pcb,295.67,Kolkata,6,92,87,291.76
plastic,48.71,Kolkata,10,90,69,43.65
plastic,48.47,Mumbai,11,68,52,54.37
copper,1012.5,Mumbai,12,92,37,1163.88
steel,63.95,Bengaluru,1,86,78,54.3
copper,696.15,Chennai,7,70,87,658.76
battery,94.39,Chennai,5,92,100,100.85
plastic,46.02,Bengaluru,10,68,42,45.6
battery,114.27,Delhi,6,89,47,138.14
plastic,41.77,Chennai,6,73,82,44.45
steel,57.57,Kolkata,11,94,100,65.54
plastic,40.3,Chennai,8,61,40,43.42
steel,68.91,Delhi,5,66,35,79.27
copper,818.69,Bengaluru,9,79,43,798.64
steel,67.27,Kolkata,10,54,51,54.84
aluminium,193.68,Kolkata,11,65,51,216.57
copper,756.77,Kolkata,7,47,38,704.34
plastic,43.83,Delhi,5,68,61,46.81
pcb,305.72,Delhi,11,82,78,322.99
plastic,39.28,Kolkata,4,82,63,38.64
pcb,304.77,Bengaluru,5,88,83,302.03
copper,746.32,Chennai,9,48,40,677.44
steel,55.21,Delhi,4,35,78,49.99
battery,90.55,Kolkata,8,49,46,86.61
battery,99.22,Mumbai,7,43,40,117.22
aluminium,168.92,Chennai,11,83,89,206.81
copper,828.55,Kolkata,10,85,57,745.55
aluminium,180.38,Bengaluru,1,51,52,136.19
battery,91.11,Delhi,11,62,78,99.84
pcb,175.3,Chennai,1,42,89,122.48
steel,67.29,Kolkata,4,67,46,61.6
pcb,270.11,Mumbai,1,77,88,227.95
pcb,299.49,Mumbai,3,94,77,300.75
aluminium,193.36,Bengaluru,8,95,100,184.93
steel,68.86,Mumbai,1,74,35,67.81
copper,915.08,Bengaluru,7,89,46,865.4
pcb,228.94,Bengaluru,11,73,91,271.07
plastic,31.54,Kolkata,4,54,85,30.02
plastic,31.47,Kolkata,12,67,91,39.36
steel,54.07,Delhi,4,35,55,52.51
aluminium,193.72,Hyderabad,2,82,61,159.56
copper,702.71,Chennai,6,35,39,726.65
steel,77.12,Mumbai,5,81,38,90.93
aluminium,252.46,Hyderabad,11,94,38,267.06
battery,85.31,Bengaluru,11,53,73,97.91
plastic,42.67,Kolkata,5,93,84,45.02
copper,596.72,Kolkata,1,79,98,424.44
plastic,42.17,Chennai,10,74,52,41.76
battery,95.97,Kolkata,2,40,31,87.47
battery,100.88,Hyderabad,1,46,32,74.57
copper,650.11,Bengaluru,7,51,80,575.53
steel,66.87,Bengaluru,4,48,35,66.39
pcb,273.01,Chennai,5,50,40,268.52
plastic,39.74,Bengaluru,1,57,79,28.71
copper,958.83,Mumbai,11,84,37,1097.73
copper,800.94,Mumbai,1,73,69,709.33
copper,585.5,Hyderabad,10,44,79,503.52
pcb,358.01,Mumbai,10,90,35,376.97
plastic,38.37,Chennai,8,83,97,38.77
steel,56.32,Kolkata,10,39,65,50.14
aluminium,146.43,Hyderabad,11,49,91,149.58
pcb,190.12,Bengaluru,3,43,99,136.08
steel,61.43,Mumbai,1,59,62,50.71
battery,79.4,Bengaluru,8,57,79,81.95
steel,71.14,Mumbai,9,41,37,72.82
steel,70.23,Delhi,9,79,63,68.4
battery,100.53,Delhi,6,68,69,116.53
pcb,267.9,Kolkata,12,80,75,273.31
battery,94.24,Kolkata,4,86,91,87.28
aluminium,160.23,Bengaluru,4,44,61,147.98
plastic,33.0,Kolkata,12,38,90,34.29
pcb,284.02,Hyderabad,3,68,44,264.72
pcb,261.04,Delhi,5,51,70,273.19
steel,66.62,Chennai,4,86,62,72.47
pcb,247.8,Delhi,9,42,77,209.62
pcb,281.81,Delhi,2,95,70,258.46
plastic,42.55,Hyderabad,5,62,41,45.45
copper,863.54,Kolkata,10,92,54,794.58
steel,70.37,Delhi,11,52,32,71.71
battery,113.95,Bengaluru,2,77,35,105.39
pcb,320.72,Chennai,10,95,53,333.2
pcb,256.59,Bengaluru,11,82,81,252.37
pcb,310.46,Chennai,10,87,60,310.93
pcb,268.19,Mumbai,6,49,67,305.86
steel,53.04,Bengaluru,10,55,92,51.32
pcb,262.0,Chennai,2,65,60,237.75
aluminium,223.73,Kolkata,6,89,61,246.24
battery,84.82,Bengaluru,8,38,65,80.61
aluminium,162.96,Kolkata,9,51,98,106.11
battery,108.61,Chennai,10,50,48,101.81
copper,830.75,Mumbai,5,90,38,959.88
pcb,247.76,Bengaluru,9,81,78,229.73
aluminium,197.06,Kolkata,8,47,31,177.26
aluminium,175.77,Kolkata,1,48,32,121.12
pcb,216.98,Hyderabad,12,41,95,204.23
aluminium,186.38,Mumbai,6,84,95,212.02
battery,74.79,Hyderabad,5,38,95,66.9
steel,67.33,Bengaluru,12,85,66,80.51
battery,90.29,Kolkata,2,69,82,69.09
aluminium,226.31,Mumbai,5,74,30,260.11
plastic,38.93,Delhi,6,61,63,45.83
copper,678.47,Kolkata,4,74,100,604.86
pcb,283.2,Hyderabad,12,87,41,336.75
aluminium,238.63,Bengaluru,6,84,31,272.74
battery,72.87,Mumbai,3,46,100,76.34
aluminium,183.37,Kolkata,10,69,61,165.74
aluminium,177.84,Bengaluru,6,84,98,183.14
plastic,38.0,Bengaluru,6,59,71,40.03
steel,66.2,Kolkata,5,92,76,71.61
pcb,293.08,Chennai,7,95,68,294.19
pcb,312.16,Mumbai,6,75,56,354.49
plastic,44.58,Hyderabad,3,94,59,42.56
aluminium,211.75,Kolkata,2,53,32,178.94
plastic,48.55,Chennai,10,89,35,47.38
plastic,43.24,Delhi,1,88,61,41.8
pcb,262.11,Mumbai,5,35,51,276.61
pcb,289.13,Delhi,9,82,32,299.78
aluminium,246.36,Mumbai,2,87,36,250.12
plastic,32.27,Kolkata,8,36,69,28.52
aluminium,211.1,Mumbai,4,92,85,210.19
battery,104.58,Mumbai,5,49,44,118.99
pcb,233.35,Kolkata,3,66,79,196.64
aluminium,169.05,Kolkata,10,48,70,167.74
plastic,42.84,Kolkata,2,91,72,38.04
plastic,40.75,Hyderabad,2,86,88,34.92
copper,743.87,Kolkata,12,54,45,821.03
battery,106.92,Mumbai,9,77,44,115.84
pcb,274.46,Kolkata,11,78,86,261.65
steel,76.65,Mumbai,11,88,40,94.87
plastic,28.91,Kolkata,2,50,78,17.59
aluminium,146.43,Bengaluru,1,58,94,102.03
steel,51.74,Bengaluru,9,42,77,43.23
steel,53.49,Bengaluru,8,44,81,51.6
aluminium,256.69,Mumbai,5,86,45,272.17
pcb,262.22,Mumbai,7,81,91,290.96
battery,96.81,Bengaluru,8,74,40,112.56
steel,57.0,Kolkata,7,46,58,54.57
steel,72.96,Kolkata,12,91,67,79.74
pcb,235.38,Chennai,10,74,76,224.43
plastic,33.73,Kolkata,3,88,99,27.98
pcb,293.76,Hyderabad,7,49,35,291.93
pcb,207.62,Chennai,2,38,64,155.24
pcb,296.3,Delhi,1,57,31,246.82
aluminium,220.96,Kolkata,8,84,35,234.79
steel,63.05,Kolkata,5,60,34,65.78
pcb,198.9,Mumbai,11,41,94,237.0
plastic,40.23,Delhi,3,53,44,38.37
aluminium,212.16,Mumbai,12,50,37,243.92
aluminium,166.16,Chennai,6,56,76,175.89
battery,117.47,Hyderabad,6,95,55,124.04
battery,95.47,Kolkata,4,81,75,93.39
copper,786.43,Kolkata,10,76,76,678.69
aluminium,210.58,Mumbai,8,67,35,224.74
aluminium,216.73,Delhi,4,87,65,228.8
steel,72.85,Bengaluru,8,91,56,75.42
steel,65.54,Mumbai,8,54,73,69.4
plastic,35.34,Kolkata,7,36,37,37.28
copper,735.82,Chennai,7,53,73,700.77
plastic,41.46,Mumbai,7,88,97,45.98
plastic,39.19,Mumbai,4,68,58,42.28
battery,104.08,Mumbai,10,85,98,111.92
copper,797.87,Hyderabad,6,64,69,797.06
battery,84.45,Mumbai,1,68,79,81.28
battery,105.84,Kolkata,3,79,41,99.92
aluminium,176.73,Hyderabad,4,66,99,151.52
battery,111.09,Mumbai,7,57,50,118.13
steel,75.19,Kolkata,8,95,73,71.71
aluminium,191.61,Delhi,5,90,80,202.47
pcb,201.63,Bengaluru,5,38,90,186.73
steel,57.49,Hyderabad,5,80,96,59.49
copper,610.53,Chennai,11,55,62,679.82
pcb,291.39,Delhi,9,89,75,291.69
aluminium,146.34,Kolkata,10,52,77,144.85
copper,956.82,Mumbai,6,87,41,1106.1
plastic,35.77,Hyderabad,5,45,60,35.2
battery,80.3,Delhi,2,36,95,57.99
steel,60.25,Delhi,5,65,79,63.73
battery,109.86,Mumbai,7,83,69,117.37
copper,860.64,Mumbai,10,90,66,931.93
steel,65.12,Kolkata,3,55,63,55.88
aluminium,175.69,Delhi,11,48,54,204.13
steel,56.34,Kolkata,4,80,95,49.92
copper,695.91,Hyderabad,10,64,71,654.51
steel,74.49,Delhi,2,94,63,74.71
pcb,270.49,Delhi,6,54,67,278.13
battery,85.79,Hyderabad,12,64,96,89.91
battery,108.1,Kolkata,4,79,65,105.13
pcb,285.36,Kolkata,9,86,74,252.88
plastic,38.97,Mumbai,11,37,47,46.22
aluminium,178.0,Hyderabad,7,62,76,170.88
aluminium,184.94,Chennai,5,38,38,186.73
steel,63.22,Bengaluru,11,54,70,64.49
plastic,49.15,Delhi,2,76,38,46.24
steel,67.53,Mumbai,5,80,83,76.1
plastic,38.38,Mumbai,11,45,51,46.68
pcb,232.83,Hyderabad,1,55,96,134.71
steel,66.84,Bengaluru,11,49,40,74.38
steel,62.54,Kolkata,6,49,56,63.81
copper,666.87,Delhi,6,41,54,698.92
battery,106.99,Bengaluru,6,83,61,119.19
pcb,214.35,Mumbai,2,49,99,187.4
plastic,41.16,Mumbai,5,81,80,48.74
pcb,248.36,Delhi,9,61,75,218.92
battery,108.38,Delhi,4,90,48,117.66
copper,683.36,Kolkata,6,47,69,695.35
copper,679.33,Kolkata,1,58,48,505.9
battery,103.08,Hyderabad,12,71,55,119.59
pcb,251.29,Hyderabad,8,55,71,221.37
steel,45.75,Bengaluru,4,38,81,43.25
aluminium,168.91,Delhi,6,63,97,167.7
steel,57.76,Hyderabad,5,58,99,55.22
plastic,37.87,Chennai,3,69,81,34.42
steel,58.18,Hyderabad,3,58,97,47.05
aluminium,194.11,Kolkata,7,87,51,196.74
battery,109.62,Bengaluru,7,87,57,115.53
plastic,46.04,Mumbai,12,74,47,61.31
plastic,33.56,Kolkata,1,72,83,25.64
plastic,30.02,Bengaluru,8,37,100,23.88
steel,58.96,Mumbai,5,60,100,63.57
aluminium,183.79,Chennai,5,43,58,183.37
copper,702.31,Bengaluru,10,55,65,601.22
copper,760.6,Bengaluru,1,56,40,585.58
aluminium,198.38,Hyderabad,10,61,40,178.83
pcb,276.01,Mumbai,3,62,41,294.39
aluminium,214.51,Chennai,9,75,49,196.64
plastic,36.92,Chennai,1,72,91,30.65
pcb,268.57,Delhi,9,79,83,261.3
plastic,35.09,Bengaluru,11,60,83,38.95
plastic,39.75,Hyderabad,4,91,74,44.29
battery,90.08,Mumbai,10,60,75,98.68
plastic,42.11,Hyderabad,6,88,60,49.32
steel,59.55,Delhi,10,36,52,68.2
battery,94.37,Kolkata,1,74,66,80.08
plastic,37.94,Delhi,3,70,88,33.63
steel,64.79,Chennai,12,46,49,76.16
aluminium,198.36,Mumbai,3,59,62,184.88
pcb,350.43,Bengaluru,10,94,30,347.89
pcb,265.66,Mumbai,4,53,53,288.69
battery,83.88,Chennai,4,47,74,78.49
pcb,277.79,Bengaluru,9,65,55,239.99
battery,98.36,Chennai,11,51,37,109.06
plastic,37.96,Chennai,9,53,63,33.93
pcb,239.7,Delhi,1,56,99,158.88
pcb,260.93,Delhi,1,91,96,205.5
aluminium,249.05,Chennai,8,91,40,264.79
battery,102.31,Chennai,8,54,60,100.8
battery,102.28,Chennai,6,47,33,114.38
steel,56.89,Bengaluru,10,44,88,44.23
pcb,296.43,Mumbai,3,85,58,300.04
pcb,256.42,Delhi,1,37,70,173.37
steel,70.13,Hyderabad,8,67,42,70.47
aluminium,171.36,Delhi,1,74,78,148.82
plastic,36.61,Chennai,4,38,52,36.54
plastic,44.74,Hyderabad,7,75,36,47.13
battery,77.64,Hyderabad,10,47,94,63.95
plastic,37.79,Delhi,6,67,70,44.17
pcb,290.3,Bengaluru,12,57,32,330.62
steel,73.19,Chennai,2,73,59,64.24
steel,59.67,Kolkata,11,49,89,56.67
aluminium,195.06,Hyderabad,12,53,51,210.54
steel,63.93,Mumbai,8,65,73,67.75
copper,800.04,Bengaluru,5,88,85,759.37
battery,92.5,Kolkata,2,63,81,65.28
aluminium,194.46,Kolkata,3,64,43,186.8
battery,92.65,Bengaluru,4,50,45,93.85
pcb,331.59,Hyderabad,11,91,51,330.62
pcb,216.63,Hyderabad,10,66,89,198.74
pcb,211.91,Bengaluru,4,48,73,198.55
copper,888.46,Hyderabad,8,68,31,822.46
battery,63.05,Kolkata,4,38,98,53.82
copper,648.43,Bengaluru,11,52,99,573.4
copper,676.88,Mumbai,8,52,92,624.15
pcb,294.43,Chennai,4,44,48,252.16
steel,67.6,Mumbai,3,91,96,65.86
steel,58.36,Delhi,9,46,70,54.89
steel,57.99,Chennai,7,56,91,57.39
copper,814.48,Hyderabad,8,76,46,825.16
steel,63.76,Kolkata,5,71,53,71.76
pcb,266.94,Hyderabad,3,69,34,273.81
aluminium,186.99,Bengaluru,6,72,86,191.12
steel,61.73,Kolkata,3,73,78,56.23
steel,73.72,Kolkata,6,94,67,78.11
pcb,276.91,Hyderabad,7,68,60,262.47
battery,90.54,Kolkata,6,52,80,84.67
plastic,47.27,Mumbai,12,74,61,58.22
battery,105.81,Delhi,11,94,72,119.19
aluminium,224.53,Mumbai,7,74,41,247.82
battery,87.5,Bengaluru,9,72,84,82.55
aluminium,122.0,Bengaluru,9,45,99,86.39
pcb,265.6,Bengaluru,9,66,48,244.67
aluminium,200.25,Kolkata,3,58,38,175.92
plastic,43.87,Mumbai,8,85,46,50.07
steel,55.2,Bengaluru,4,46,99,49.26
steel,70.68,Mumbai,5,57,50,76.7
plastic,32.82,Chennai,2,43,85,26.63
plastic,39.01,Mumbai,7,42,39,46.62
steel,71.91,Mumbai,8,89,54,79.67
battery,98.14,Kolkata,11,76,55,109.11
battery,75.35,Hyderabad,7,45,100,75.46
battery,103.25,Hyderabad,11,66,56,105.98
steel,48.44,Bengaluru,10,35,83,43.05
copper,723.61,Delhi,11,50,68,735.08
battery,127.85,Hyderabad,2,80,30,116.22
aluminium,229.57,Chennai,11,71,33,262.38
steel,70.54,Delhi,12,81,77,81.06
battery,125.14,Bengaluru,11,82,34,136.93
steel,64.12,Kolkata,4,94,98,61.05
plastic,27.71,Kolkata,10,48,100,23.03
plastic,35.89,Chennai,4,38,51,34.18
copper,810.27,Chennai,11,81,76,862.14
aluminium,168.52,Mumbai,2,51,72,155.75
steel,59.1,Chennai,2,64,97,49.43
copper,738.19,Hyderabad,3,58,46,652.12
plastic,39.9,Mumbai,11,57,78,44.76
steel,78.49,Hyderabad,5,94,33,85.6
steel,60.43,Mumbai,10,55,83,69.58
aluminium,188.1,Delhi,9,65,60,188.83
aluminium,190.12,Mumbai,11,55,82,192.96
plastic,37.97,Bengaluru,12,56,89,36.38
battery,65.57,Chennai,10,44,92,65.16
aluminium,160.56,Mumbai,5,37,79,153.43
plastic,33.79,Hyderabad,2,58,100,21.91
copper,760.82,Hyderabad,7,49,36,760.48
plastic,45.95,Chennai,10,95,62,47.3
pcb,212.15,Delhi,3,41,93,175.21
plastic,36.42,Kolkata,11,66,76,39.38
plastic,36.89,Kolkata,9,81,82,32.54
battery,94.39,Hyderabad,9,82,88,84.19
plastic,28.44,Kolkata,10,39,75,26.72
plastic,36.11,Kolkata,10,50,51,38.11
aluminium,191.52,Bengaluru,7,77,51,219.5
steel,66.34,Bengaluru,5,65,41,77.37
pcb,301.0,Kolkata,7,83,57,324.84
plastic,37.72,Bengaluru,8,72,69,35.38
steel,69.92,Kolkata,11,63,35,73.11
aluminium,192.23,Kolkata,4,74,70,176.09
plastic,34.78,Hyderabad,11,48,80,40.37
copper,750.58,Hyderabad,11,41,31,760.44
battery,101.58,Chennai,11,70,76,109.54
battery,112.2,Bengaluru,8,69,32,107.05
steel,55.6,Chennai,7,55,56,62.49
plastic,38.91,Mumbai,3,72,75,37.66
pcb,282.96,Delhi,1,45,37,240.8
pcb,329.62,Delhi,9,94,49,332.36
pcb,296.48,Chennai,9,93,55,293.04
pcb,266.59,Bengaluru,2,80,89,229.87
steel,60.51,Kolkata,4,66,68,58.21
steel,55.07,Mumbai,2,43,89,46.47
aluminium,152.65,Chennai,7,36,79,159.52
copper,816.53,Mumbai,11,69,75,913.15
plastic,43.56,Delhi,9,93,70,44.46
copper,682.56,Kolkata,4,69,72,603.92
plastic,35.27,Hyderabad,3,52,67,34.46
pcb,237.31,Chennai,4,53,69,243.42
plastic,48.51,Chennai,8,88,47,48.86
copper,785.28,Hyderabad,4,71,47,757.54
copper,664.52,Mumbai,7,59,75,757.31
battery,109.96,Kolkata,8,83,40,106.73
pcb,268.83,Mumbai,3,38,68,248.19
plastic,38.08,Hyderabad,5,49,62,37.15
battery,92.85,Bengaluru,3,74,86,81.69
battery,124.89,Mumbai,4,87,31,131.57
copper,881.23,Mumbai,12,77,45,1043.72
aluminium,178.79,Bengaluru,8,71,86,157.94
plastic,45.84,Kolkata,6,95,42,52.22
steel,74.69,Bengaluru,5,85,41,81.63
copper,795.34,Kolkata,4,85,73,765.62
pcb,269.01,Kolkata,1,59,56,208.99
battery,98.1,Delhi,6,76,78,114.42
steel,72.58,Delhi,5,81,71,80.27
pcb,290.34,Chennai,7,62,35,315.11
copper,616.21,Kolkata,1,43,65,436.05
pcb,333.68,Chennai,2,87,57,296.34
plastic,47.81,Mumbai,8,67,38,51.16
pcb,288.42,Chennai,7,80,79,286.13
steel,60.67,Chennai,2,74,92,56.04
plastic,33.83,Delhi,9,42,70,33.06
steel,66.88,Delhi,6,50,38,79.95
pcb,348.78,Hyderabad,6,90,42,372.74
aluminium,231.82,Bengaluru,6,83,30,256.21
plastic,36.65,Bengaluru,7,40,52,36.37
aluminium,171.73,Delhi,7,38,90,158.54
pcb,244.6,Delhi,12,43,76,270.87
battery,108.48,Chennai,8,88,58,112.29
plastic,45.58,Mumbai,12,88,51,57.19
pcb,222.67,Kolkata,2,55,95,152.18
copper,901.62,Mumbai,2,84,38,838.84
battery,79.04,Hyderabad,1,41,90,50.3
copper,588.0,Kolkata,8,40,96,341.25
copper,877.54,Delhi,3,86,54,808.77
copper,853.08,Delhi,1,72,39,675.02
battery,84.1,Delhi,7,36,75,80.64
plastic,46.57,Mumbai,7,86,49,52.43
steel,72.43,Mumbai,12,35,39,88.12
battery,105.42,Delhi,7,58,64,109.65
aluminium,195.44,Delhi,10,63,57,205.34
pcb,226.66,Delhi,3,38,65,184.65
pcb,246.14,Hyderabad,1,50,52,192.13
copper,701.86,Delhi,2,52,53,611.3
battery,123.74,Mumbai,4,86,47,135.11
steel,61.19,Mumbai,2,62,79,62.29
aluminium,173.25,Bengaluru,8,51,73,155.19
plastic,41.96,Mumbai,9,91,87,42.11
plastic,49.39,Mumbai,5,92,50,54.4
battery,86.08,Bengaluru,7,37,49,84.72
copper,921.0,Delhi,7,91,54,957.29
steel,54.15,Kolkata,8,71,82,53.69
pcb,266.01,Kolkata,12,59,60,277.58
plastic,46.53,Bengaluru,3,95,67,47.29
plastic,37.08,Hyderabad,6,36,32,40.71
battery,108.43,Kolkata,9,47,36,93.13
plastic,42.28,Chennai,8,82,73,42.95
steel,60.82,Mumbai,7,64,84,66.18
copper,886.18,Kolkata,2,94,62,730.18
pcb,261.27,Bengaluru,4,69,64,241.62
aluminium,172.56,Bengaluru,5,39,50,164.07
battery,114.42,Delhi,6,80,54,136.07
pcb,292.45,Mumbai,2,75,67,262.27
battery,89.52,Bengaluru,5,62,94,87.7
aluminium,236.85,Kolkata,7,74,38,222.88
aluminium,166.03,Bengaluru,6,61,62,189.09
steel,59.47,Chennai,3,61,54,61.12
plastic,42.18,Chennai,2,86,65,37.67
battery,80.92,Bengaluru,1,45,86,59.48
aluminium,216.44,Hyderabad,8,93,55,211.59
battery,111.32,Mumbai,3,63,60,110.88
battery,100.21,Hyderabad,12,74,88,104.61
copper,834.83,Delhi,11,62,39,890.74
plastic,43.69,Bengaluru,5,86,43,48.39
copper,859.24,Mumbai,1,84,62,800.3
plastic,36.39,Delhi,1,37,57,30.27
plastic,43.62,Mumbai,9,60,34,46.5
plastic,31.84,Bengaluru,6,40,100,31.74
steel,66.48,Mumbai,12,51,53,86.04
steel,61.28,Hyderabad,11,90,97,69.18
steel,68.38,Mumbai,10,92,75,71.04
plastic,36.25,Mumbai,12,65,89,44.47
battery,88.42,Hyderabad,2,39,79,72.0
copper,759.73,Chennai,11,44,53,784.81
steel,53.5,Delhi,9,35,65,53.68
steel,55.56,Bengaluru,8,71,99,58.45
aluminium,190.14,Mumbai,2,72,72,169.92
plastic,42.17,Kolkata,4,59,34,40.32
aluminium,186.98,Mumbai,7,63,63,210.79
aluminium,194.83,Bengaluru,7,55,62,176.29
copper,660.83,Hyderabad,11,40,92,579.84
steel,72.14,Kolkata,12,93,59,81.72
plastic,40.18,Delhi,10,58,60,39.72
copper,716.01,Kolkata,11,63,70,702.35
pcb,281.06,Bengaluru,2,92,91,225.42
aluminium,222.21,Mumbai,5,68,38,243.53
plastic,37.97,Mumbai,12,54,79,47.85
pcb,337.71,Mumbai,9,88,47,337.84
aluminium,180.51,Delhi,11,57,76,199.61
aluminium,203.92,Hyderabad,7,51,40,193.49
copper,737.1,Bengaluru,2,68,74,583.75
pcb,269.03,Kolkata,1,81,62,196.38
plastic,48.17,Kolkata,10,88,41,48.24
copper,768.01,Kolkata,2,46,38,565.64
plastic,38.05,Bengaluru,8,42,45,37.02
battery,110.72,Bengaluru,6,92,66,126.8
battery,74.15,Mumbai,3,42,92,66.95
battery,96.31,Kolkata,9,75,59,89.09
plastic,40.56,Mumbai,2,49,58,38.3
steel,67.07,Bengaluru,8,61,52,74.77
copper,683.26,Kolkata,5,42,65,656.95
aluminium,200.59,Kolkata,9,65,79,162.98
steel,54.55,Hyderabad,3,36,40,53.64
copper,860.03,Chennai,5,81,38,966.29
aluminium,155.22,Bengaluru,4,51,77,127.01
copper,803.35,Chennai,10,66,36,858.33
plastic,42.61,Mumbai,9,77,48,48.5
pcb,262.79,Mumbai,11,79,73,315.27
steel,61.17,Delhi,8,81,100,64.37
copper,951.73,Delhi,11,83,48,1080.21
pcb,226.35,Chennai,10,41,63,225.95
copper,677.79,Hyderabad,9,89,94,596.1
aluminium,204.51,Mumbai,12,57,48,256.1
battery,118.4,Delhi,4,86,36,119.54
copper,720.32,Mumbai,5,49,71,707.37
aluminium,170.58,Kolkata,7,88,95,173.18
plastic,42.91,Mumbai,1,76,71,40.28
copper,754.53,Delhi,10,45,44,698.77
plastic,43.23,Kolkata,9,90,76,39.0
copper,699.17,Hyderabad,3,62,55,650.91
copper,732.62,Delhi,12,46,51,830.22
aluminium,172.38,Delhi,4,51,60,163.36
steel,76.59,Kolkata,6,65,42,77.76
copper,759.43,Kolkata,12,80,49,888.25
steel,70.1,Chennai,7,75,48,74.43
copper,732.65,Kolkata,1,79,97,532.72
aluminium,248.24,Delhi,11,91,35,278.11
pcb,258.25,Hyderabad,9,43,71,198.2
steel,59.26,Bengaluru,5,41,38,65.43
steel,54.29,Chennai,9,70,84,51.71
battery,85.51,Mumbai,9,36,67,78.28
pcb,294.31,Bengaluru,3,73,44,265.67
pcb,226.08,Delhi,12,56,88,277.46
aluminium,184.42,Mumbai,5,64,82,204.39
aluminium,180.12,Hyderabad,11,55,66,196.36
pcb,220.13,Bengaluru,4,84,100,229.35
steel,68.47,Hyderabad,4,59,36,67.44
steel,67.68,Delhi,12,51,56,80.75
copper,732.99,Kolkata,11,41,45,722.78
pcb,283.59,Chennai,5,50,60,293.97
battery,101.02,Chennai,2,53,59,88.95
copper,875.19,Mumbai,7,84,54,947.83
aluminium,141.36,Kolkata,1,47,94,87.6
pcb,292.18,Mumbai,5,77,77,317.33
plastic,32.72,Kolkata,7,48,86,35.3
steel,77.94,Chennai,4,83,33,79.63
pcb,284.1,Kolkata,3,80,54,232.73
copper,542.23,Delhi,4,36,96,451.79
steel,60.49,Kolkata,12,73,77,68.12
steel,62.01,Bengaluru,2,71,85,50.5
steel,59.76,Bengaluru,4,78,92,52.48
steel,71.63,Mumbai,9,78,86,73.43
plastic,36.82,Hyderabad,11,35,56,38.48
pcb,301.9,Bengaluru,8,76,33,313.52
copper,647.91,Kolkata,1,41,62,409.13
pcb,255.79,Kolkata,1,85,68,207.65
aluminium,191.28,Chennai,11,56,69,207.47
plastic,40.48,Delhi,3,89,92,40.01
plastic,42.75,Chennai,5,64,38,46.69
steel,73.92,Mumbai,4,73,64,74.77
steel,67.26,Hyderabad,6,61,41,69.88
pcb,225.39,Delhi,2,44,73,183.45
steel,45.73,Delhi,8,58,89,46.09
battery,84.45,Kolkata,5,62,89,77.47
pcb,252.64,Delhi,2,54,60,214.2
aluminium,235.76,Mumbai,2,80,35,229.25
battery,90.55,Chennai,11,47,86,88.03
copper,896.75,Delhi,11,71,45,1008.52
plastic,42.17,Delhi,5,53,34,47.77
pcb,282.3,Delhi,5,72,36,313.97
battery,101.93,Mumbai,1,61,49,93.44
pcb,248.91,Bengaluru,11,39,55,261.92
plastic,50.81,Hyderabad,3,94,33,49.18
steel,51.46,Chennai,8,54,87,53.74
battery,97.14,Bengaluru,10,51,57,93.17
steel,81.33,Bengaluru,11,94,33,94.55
battery,89.08,Delhi,7,47,55,96.62
copper,809.89,Bengaluru,7,72,50,821.12
copper,733.52,Delhi,6,74,81,756.9
pcb,270.48,Bengaluru,10,54,35,267.09
plastic,36.58,Mumbai,7,65,84,40.93
steel,62.12,Delhi,6,59,52,73.34
battery,88.2,Delhi,11,51,84,98.32
plastic,38.08,Bengaluru,11,83,83,41.39
aluminium,190.5,Delhi,2,79,65,176.03
battery,98.79,Mumbai,2,42,31,94.05
steel,80.75,Mumbai,6,63,32,92.24
plastic,44.84,Delhi,8,87,81,49.44
battery,86.76,Kolkata,8,42,48,79.87
steel,57.59,Delhi,4,38,46,59.05
battery,73.93,Chennai,9,66,100,76.13
aluminium,154.28,Kolkata,10,39,72,132.72
aluminium,142.97,Bengaluru,12,56,100,147.49
pcb,283.98,Bengaluru,4,43,31,256.93
pcb,259.9,Kolkata,3,48,37,232.12
pcb,237.36,Delhi,2,54,62,205.39
battery,95.39,Chennai,1,64,76,71.9
pcb,265.79,Kolkata,4,61,38,257.15
pcb,305.98,Hyderabad,1,89,53,272.04
steel,65.4,Delhi,11,74,64,73.36
pcb,313.14,Chennai,12,89,60,337.05
pcb,259.57,Kolkata,4,72,63,227.6
aluminium,204.17,Mumbai,2,41,38,185.35
steel,70.91,Kolkata,7,92,59,73.67
pcb,244.2,Hyderabad,4,39,63,231.81
plastic,38.99,Chennai,10,95,76,44.99
pcb,244.06,Kolkata,8,60,82,212.75
copper,738.89,Mumbai,9,71,73,749.92
plastic,42.73,Bengaluru,7,68,53,45.0
battery,109.96,Hyderabad,2,53,33,100.35
steel,54.68,Hyderabad,7,51,79,57.58
copper,718.78,Hyderabad,11,69,75,789.16
copper,818.65,Hyderabad,6,65,68,797.79
plastic,35.34,Chennai,11,79,95,40.38
plastic,37.66,Hyderabad,8,78,98,35.02
pcb,257.85,Chennai,1,64,48,198.63
aluminium,190.44,Mumbai,11,52,55,227.18
pcb,205.08,Bengaluru,9,40,96,175.75
battery,87.52,Chennai,7,79,84,102.54
steel,59.84,Hyderabad,4,69,88,57.21
copper,570.71,Chennai,10,35,80,519.91
battery,94.36,Mumbai,5,81,100,100.78
aluminium,180.13,Chennai,1,39,30,146.54
copper,868.83,Mumbai,10,90,47,1028.58
battery,105.1,Hyderabad,9,67,57,85.88
pcb,283.76,Chennai,2,89,66,261.51
battery,100.76,Chennai,6,85,87,110.89
battery,73.92,Kolkata,7,39,95,72.19
steel,59.17,Chennai,3,85,98,54.88
battery,78.86,Delhi,1,68,66,77.24
steel,71.39,Hyderabad,6,71,37,84.89
copper,683.85,Mumbai,8,72,99,651.28
steel,73.34,Mumbai,3,62,38,76.39
aluminium,214.75,Delhi,10,80,48,226.07
steel,71.52,Delhi,3,59,36,66.56
steel,61.32,Hyderabad,2,58,53,52.52
aluminium,188.08,Hyderabad,12,55,45,207.47
copper,727.97,Delhi,1,58,52,620.95
steel,72.23,Mumbai,5,61,42,81.88
copper,759.91,Delhi,5,57,38,802.73
plastic,31.95,Bengaluru,6,35,80,32.0
battery,104.71,Mumbai,5,67,47,115.79
plastic,41.2,Bengaluru,12,59,38,50.06
aluminium,181.06,Hyderabad,5,83,92,177.59
aluminium,184.92,Mumbai,9,47,49,190.17
pcb,260.15,Bengaluru,9,70,68,230.57
steel,71.65,Delhi,4,72,64,68.03
plastic,32.78,Delhi,11,55,87,35.33
aluminium,207.9,Chennai,4,56,33,194.63
copper,652.84,Bengaluru,6,43,96,584.52
steel,62.79,Delhi,7,82,87,68.04
pcb,273.77,Chennai,11,49,50,293.19
battery,99.8,Mumbai,12,70,91,124.85
steel,62.51,Mumbai,10,62,89,66.13
steel,76.4,Bengaluru,8,92,39,82.59
pcb,271.36,Chennai,7,43,64,255.58
aluminium,172.12,Kolkata,6,55,80,179.0
plastic,45.49,Hyderabad,7,79,40,51.24
pcb,273.93,Mumbai,8,47,69,246.96
steel,69.03,Kolkata,11,84,40,83.47
plastic,34.89,Bengaluru,3,42,41,31.9
aluminium,222.58,Kolkata,6,83,31,232.48
steel,59.29,Kolkata,3,64,67,52.71
aluminium,196.66,Kolkata,2,79,43,174.01
battery,84.78,Bengaluru,2,88,99,70.66
pcb,261.6,Mumbai,11,61,57,296.23
plastic,44.66,Delhi,5,95,48,51.22
battery,93.29,Kolkata,5,67,63,100.98
aluminium,156.29,Bengaluru,10,53,97,134.46
aluminium,206.1,Chennai,10,77,36,217.5
pcb,286.72,Kolkata,12,88,73,310.72
copper,725.44,Delhi,11,45,55,757.28
battery,107.69,Hyderabad,8,94,72,102.79
steel,64.56,Chennai,11,78,95,63.23
aluminium,169.2,Bengaluru,3,44,67,145.66
plastic,37.82,Delhi,9,36,46,38.98
aluminium,189.0,Hyderabad,4,40,45,154.03
plastic,35.47,Kolkata,8,82,97,35.31
pcb,291.99,Bengaluru,11,93,70,339.2
plastic,35.19,Chennai,1,63,79,29.45
steel,66.85,Hyderabad,10,94,72,68.07
aluminium,180.51,Hyderabad,5,72,77,170.43
battery,108.03,Bengaluru,11,89,80,115.66
pcb,290.67,Chennai,12,68,44,331.87
copper,619.09,Hyderabad,4,54,74,495.42
aluminium,229.84,Hyderabad,8,91,54,210.69
copper,718.99,Mumbai,10,39,57,752.7
pcb,308.54,Chennai,2,78,33,288.1
copper,644.86,Delhi,12,45,94,699.22
aluminium,189.43,Kolkata,11,46,43,179.63
pcb,235.21,Chennai,2,67,75,198.72
copper,778.73,Delhi,8,90,58,834.31
battery,110.33,Delhi,11,91,63,124.26
copper,749.28,Delhi,10,83,84,725.27
copper,771.14,Kolkata,4,42,58,603.31
battery,121.19,Mumbai,11,88,31,152.77
steel,76.23,Mumbai,1,79,32,74.29
plastic,42.43,Chennai,7,56,41,44.86
steel,69.92,Kolkata,6,70,45,80.57
aluminium,159.41,Kolkata,7,58,96,130.9
steel,56.51,Delhi,2,75,94,51.48
battery,87.74,Hyderabad,3,38,55,69.0
aluminium,209.32,Chennai,6,69,48,226.59
battery,107.74,Delhi,7,93,79,116.08
battery,98.56,Chennai,9,51,40,95.94
battery,99.45,Bengaluru,9,81,80,88.68
steel,74.96,Delhi,2,93,42,73.72
steel,65.35,Hyderabad,6,53,33,76.34
steel,72.85,Mumbai,7,75,40,88.34
pcb,254.23,Bengaluru,5,56,68,244.22
pcb,312.51,Mumbai,1,67,38,279.43
plastic,35.65,Delhi,6,37,65,38.77
aluminium,146.37,Delhi,3,48,82,127.25
pcb,246.25,Bengaluru,8,54,72,232.65
steel,59.78,Bengaluru,4,45,52,56.08
plastic,37.61,Delhi,1,93,83,36.22
battery,79.66,Chennai,10,53,82,74.65
battery,105.66,Kolkata,5,85,61,116.49
aluminium,184.88,Mumbai,2,44,37,181.56
plastic,37.45,Bengaluru,2,80,64,36.18
aluminium,185.44,Mumbai,8,95,95,197.48
plastic,30.74,Chennai,8,43,92,31.64
copper,665.67,Bengaluru,5,40,45,668.16
plastic,40.4,Chennai,11,78,82,45.65
copper,712.25,Chennai,8,57,56,706.86
battery,106.44,Mumbai,8,54,49,106.23
pcb,252.8,Mumbai,7,65,81,304.05
pcb,269.27,Kolkata,7,64,42,269.23
battery,97.72,Kolkata,12,56,30,116.79
steel,72.02,Chennai,4,71,54,77.33
aluminium,197.02,Chennai,6,57,57,202.17
pcb,285.55,Mumbai,5,60,55,314.97
steel,65.86,Mumbai,10,58,50,72.22
steel,58.94,Delhi,6,44,39,68.34
copper,809.89,Delhi,11,75,82,838.98
battery,87.42,Kolkata,6,36,35,93.79
battery,95.71,Bengaluru,6,95,67,109.72
plastic,47.28,Hyderabad,9,72,32,46.44
battery,103.33,Mumbai,1,75,79,92.22
copper,676.85,Hyderabad,6,76,94,726.6
pcb,224.64,Kolkata,5,37,62,195.43
copper,788.1,Mumbai,7,82,79,876.08
plastic,44.8,Chennai,2,81,36,45.0
aluminium,178.36,Bengaluru,9,93,73,175.27
battery,88.39,Mumbai,4,63,97,89.42
aluminium,165.31,Hyderabad,6,68,94,164.13
aluminium,231.8,Mumbai,2,76,30,227.15
plastic,37.58,Mumbai,8,48,75,40.17
plastic,34.6,Kolkata,4,72,90,31.2
copper,752.72,Mumbai,2,42,33,703.54
pcb,247.25,Hyderabad,1,75,75,202.12
copper,698.96,Kolkata,2,92,73,589.24
copper,632.3,Hyderabad,12,67,94,689.47
plastic,34.82,Bengaluru,2,50,78,29.83
steel,74.56,Bengaluru,7,93,56,84.85
plastic,41.43,Kolkata,4,61,32,38.46
pcb,245.13,Delhi,10,48,73,240.08
battery,88.52,Chennai,7,59,58,91.76
battery,93.58,Delhi,7,60,70,94.23
plastic,35.11,Chennai,2,38,58,30.4
aluminium,158.07,Delhi,9,41,77,134.22
steel,65.71,Chennai,5,52,66,68.05
plastic,36.01,Kolkata,4,54,82,32.0
steel,59.92,Bengaluru,5,38,41,64.06
steel,67.99,Bengaluru,11,65,66,72.96
battery,67.44,Kolkata,5,42,80,61.27
copper,732.16,Kolkata,7,64,56,718.82
copper,750.43,Mumbai,8,77,82,784.55
plastic,44.34,Bengaluru,5,94,52,49.85
pcb,238.15,Kolkata,12,37,63,255.27
aluminium,179.74,Hyderabad,10,45,40,164.27
aluminium,188.03,Hyderabad,11,74,79,174.06
steel,64.83,Chennai,10,63,56,66.28
battery,82.51,Hyderabad,4,45,86,75.02
steel,60.08,Delhi,7,51,48,66.62
battery,112.82,Hyderabad,5,95,76,113.11
plastic,31.88,Chennai,1,77,89,29.09
battery,102.58,Bengaluru,5,57,33,111.0
copper,710.14,Hyderabad,3,58,47,605.59
plastic,37.73,Chennai,3,41,47,35.83
battery,107.55,Hyderabad,7,91,75,109.32
aluminium,195.79,Mumbai,8,63,70,204.38
pcb,308.89,Bengaluru,10,79,60,289.34
plastic,40.87,Delhi,1,67,45,36.36
plastic,35.78,Bengaluru,3,69,91,32.96
plastic,33.26,Hyderabad,12,58,94,35.41
copper,710.28,Bengaluru,2,82,76,556.71
battery,110.28,Mumbai,1,85,67,104.87
pcb,244.52,Mumbai,2,37,61,224.94
battery,125.37,Chennai,8,90,45,125.78
plastic,33.82,Hyderabad,8,35,50,31.14
plastic,41.92,Mumbai,3,90,71,45.95
steel,59.62,Kolkata,2,67,31,58.23
steel,63.91,Bengaluru,9,92,83,61.18
aluminium,195.25,Mumbai,1,86,81,184.99
steel,65.5,Chennai,6,38,47,68.76
copper,801.49,Mumbai,9,88,60,899.89
battery,118.63,Mumbai,7,78,35,137.27
plastic,34.15,Hyderabad,3,50,56,31.08
steel,56.94,Hyderabad,9,67,99,47.37
aluminium,201.43,Hyderabad,3,83,59,175.78
copper,953.75,Mumbai,11,88,33,1153.36
pcb,285.36,Kolkata,10,88,55,295.74
plastic,41.6,Chennai,7,82,79,43.79
pcb,266.49,Chennai,2,87,71,243.07
plastic,40.76,Kolkata,7,54,30,44.62
battery,97.6,Chennai,6,78,76,113.84
pcb,299.91,Mumbai,7,95,73,343.36
aluminium,194.01,Bengaluru,10,70,43,190.19
pcb,321.29,Delhi,5,77,53,332.24
battery,80.67,Mumbai,9,55,82,82.16
pcb,229.04,Mumbai,9,39,62,219.62
battery,112.73,Delhi,7,91,50,130.98
aluminium,228.32,Kolkata,9,86,43,206.9
battery,113.14,Chennai,10,54,43,109.98
copper,682.82,Chennai,10,72,91,589.9
copper,880.98,Mumbai,1,90,43,814.61
steel,43.0,Delhi,12,37,100,49.59
aluminium,158.62,Hyderabad,2,37,76,111.62
battery,82.47,Hyderabad,2,51,62,71.48
copper,758.86,Delhi,1,75,55,688.29
aluminium,223.62,Chennai,6,75,35,228.97
battery,106.92,Chennai,2,90,57,109.44
aluminium,186.3,Delhi,10,93,91,198.13
aluminium,172.28,Chennai,12,58,77,185.47
pcb,307.14,Kolkata,12,85,31,340.79
battery,92.12,Delhi,2,77,59,89.07
plastic,42.58,Hyderabad,9,88,68,38.64
copper,733.53,Kolkata,8,76,57,662.13
copper,664.0,Hyderabad,1,46,50,478.21
aluminium,228.65,Mumbai,9,83,51,215.86
plastic,49.03,Mumbai,4,72,33,55.05
aluminium,155.34,Delhi,3,40,74,136.54
battery,79.11,Kolkata,2,50,82,60.23
steel,61.91,Bengaluru,11,94,76,73.53
copper,803.34,Delhi,8,86,87,763.73
plastic,32.1,Bengaluru,2,54,96,25.03
aluminium,216.97,Chennai,11,78,64,230.22
copper,836.08,Kolkata,11,84,36,904.91
aluminium,183.2,Delhi,6,67,80,197.2
copper,646.89,Chennai,11,66,98,685.4
plastic,38.73,Bengaluru,2,89,62,37.36
steel,54.97,Chennai,3,84,97,51.64
pcb,262.59,Hyderabad,3,69,87,204.77
steel,55.7,Kolkata,1,42,54,36.82
aluminium,194.61,Mumbai,8,93,100,203.81
battery,87.52,Bengaluru,1,83,85,67.84
aluminium,237.19,Chennai,5,86,40,241.89
battery,90.83,Delhi,9,41,55,88.8
battery,107.56,Chennai,3,78,51,108.62
aluminium,145.95,Kolkata,4,51,97,134.28
plastic,35.61,Bengaluru,9,58,93,28.36
plastic,43.69,Delhi,8,77,55,45.81
pcb,256.98,Delhi,9,87,85,258.98
pcb,320.21,Mumbai,11,69,42,351.34
steel,73.62,Bengaluru,6,91,85,73.13
aluminium,189.94,Mumbai,7,65,79,204.79
steel,56.71,Hyderabad,10,77,84,53.08
steel,65.17,Bengaluru,4,89,80,65.38
copper,788.07,Mumbai,3,68,74,740.84
plastic,38.97,Delhi,2,62,59,37.57
copper,663.57,Bengaluru,3,67,99,510.75
aluminium,254.14,Delhi,6,80,30,268.28
battery,75.21,Hyderabad,8,47,79,71.84
battery,85.25,Chennai,2,67,88,69.9
battery,98.62,Bengaluru,3,41,40,88.01
pcb,311.46,Hyderabad,12,61,33,354.17
steel,68.55,Kolkata,5,62,45,65.33
steel,53.45,Bengaluru,9,37,81,42.89
plastic,48.44,Mumbai,12,86,43,60.04
battery,104.32,Kolkata,4,90,97,93.45
plastic,34.59,Hyderabad,3,70,86,28.53
pcb,260.25,Bengaluru,5,92,71,304.7
steel,56.79,Hyderabad,1,56,59,47.95
pcb,288.97,Hyderabad,6,91,76,313.11
aluminium,207.6,Chennai,10,50,34,203.35
pcb,273.77,Bengaluru,10,54,52,257.64
pcb,269.25,Mumbai,9,55,83,246.5
battery,68.13,Hyderabad,3,43,88,54.74
aluminium,161.13,Kolkata,9,70,66,131.73
steel,80.64,Mumbai,11,73,45,90.44
plastic,46.58,Bengaluru,7,68,43,48.69
aluminium,197.41,Bengaluru,9,83,78,190.12
copper,822.42,Bengaluru,11,93,79,879.02
plastic,39.32,Mumbai,1,94,93,35.94
plastic,32.98,Kolkata,4,58,89,29.57
aluminium,191.28,Mumbai,1,67,58,196.16
pcb,338.33,Kolkata,5,83,43,316.96
plastic,38.32,Kolkata,12,86,94,45.03
pcb,233.49,Bengaluru,12,47,53,273.78
copper,791.61,Chennai,8,90,51,841.6
plastic,41.22,Bengaluru,11,73,50,49.47
steel,72.03,Chennai,9,85,73,66.01
plastic,41.26,Hyderabad,2,70,38,36.86
pcb,276.25,Hyderabad,10,55,53,255.04
pcb,318.95,Delhi,10,77,41,328.63
copper,805.03,Delhi,3,68,44,725.46
steel,47.05,Hyderabad,1,41,100,30.3
steel,81.06,Chennai,5,89,34,81.06
aluminium,215.95,Bengaluru,1,92,55,191.83
aluminium,184.42,Bengaluru,5,37,33,187.53
plastic,50.75,Chennai,8,85,34,52.29
plastic,34.08,Kolkata,3,75,83,33.23
copper,848.31,Delhi,10,85,59,814.74
steel,83.89,Kolkata,12,94,43,95.21
steel,57.54,Bengaluru,5,44,52,60.26
steel,78.85,Kolkata,5,86,59,76.01
plastic,45.14,Mumbai,7,63,34,52.5
battery,107.68,Kolkata,2,73,41,92.74
copper,613.95,Bengaluru,9,50,99,479.33
plastic,33.92,Chennai,1,62,78,27.6
copper,818.12,Mumbai,12,35,37,929.61
pcb,266.78,Hyderabad,3,70,62,217.67
pcb,259.51,Chennai,6,75,75,285.9
pcb,285.78,Mumbai,4,54,32,319.65
battery,110.87,Kolkata,5,91,36,124.11
steel,50.23,Hyderabad,1,36,68,32.74
pcb,238.42,Hyderabad,10,48,90,204.65
plastic,40.5,Chennai,6,53,43,43.9
plastic,34.18,Kolkata,3,47,50,32.3
plastic,37.37,Delhi,5,59,82,41.03
pcb,257.67,Chennai,12,56,69,288.63
plastic,41.25,Chennai,2,46,31,38.55
pcb,266.53,Hyderabad,9,84,82,222.94
aluminium,228.84,Delhi,9,85,38,226.56
plastic,41.17,Hyderabad,6,64,60,47.95
pcb,207.62,Hyderabad,2,53,83,138.99
aluminium,200.84,Bengaluru,5,68,49,206.76
aluminium,153.56,Kolkata,7,48,81,138.33
pcb,266.26,Bengaluru,8,65,39,277.68
battery,85.47,Kolkata,3,55,57,83.8
battery,113.33,Bengaluru,8,69,35,121.49
plastic,45.36,Delhi,9,60,34,43.98
plastic,40.03,Chennai,11,94,92,46.33
plastic,33.51,Chennai,8,66,89,36.03
aluminium,176.53,Mumbai,4,78,91,197.86
steel,62.02,Delhi,7,56,75,61.61
aluminium,174.33,Chennai,8,92,95,182.02
steel,49.65,Mumbai,4,35,89,48.06
copper,759.52,Bengaluru,4,68,67,658.01
plastic,40.39,Kolkata,8,45,30,39.0
pcb,265.14,Kolkata,11,81,76,271.55
plastic,40.25,Bengaluru,12,46,42,44.5
copper,680.44,Mumbai,6,60,95,733.33
steel,60.87,Kolkata,9,53,37,53.58
battery,97.0,Delhi,12,44,49,111.49
steel,57.86,Mumbai,12,53,93,71.43
copper,687.51,Hyderabad,6,74,69,746.85
battery,86.3,Kolkata,7,36,57,82.98
plastic,42.49,Bengaluru,4,62,46,43.51
plastic,42.46,Delhi,4,58,46,45.89
copper,954.8,Mumbai,10,84,37,1023.82
copper,648.85,Chennai,7,57,84,625.76
plastic,48.75,Delhi,4,83,38,50.86
plastic,33.36,Hyderabad,5,35,93,28.91
copper,910.88,Delhi,2,90,33,861.17
battery,119.18,Hyderabad,10,83,41,115.81
pcb,282.2,Mumbai,4,69,72,274.91
aluminium,184.68,Mumbai,4,52,67,177.89
battery,88.33,Bengaluru,1,69,74,72.92
steel,67.89,Delhi,2,63,73,60.15
pcb,282.48,Bengaluru,5,43,33,276.16
steel,69.09,Hyderabad,9,79,48,67.44
steel,94.41,Mumbai,12,91,31,117.78
plastic,49.22,Mumbai,12,80,37,63.54
battery,87.75,Delhi,4,54,98,80.32
steel,60.54,Hyderabad,9,90,69,62.76
pcb,267.69,Kolkata,5,74,48,280.72
plastic,31.9,Chennai,2,56,78,26.94
steel,68.13,Hyderabad,11,53,60,75.29
aluminium,187.6,Kolkata,5,63,56,190.94
plastic,42.13,Chennai,3,83,54,42.09
battery,84.37,Kolkata,5,61,97,75.61
battery,124.21,Mumbai,4,72,30,126.88
copper,920.67,Mumbai,7,53,30,906.86
pcb,251.3,Delhi,3,61,72,235.19
pcb,225.06,Kolkata,1,58,91,157.39
aluminium,172.22,Chennai,12,75,88,203.99
battery,119.19,Hyderabad,7,81,33,120.8
pcb,213.54,Kolkata,8,60,98,185.5
aluminium,167.22,Mumbai,2,46,81,130.49
battery,101.21,Delhi,12,73,83,112.93
battery,72.09,Hyderabad,9,40,96,58.44
battery,85.41,Chennai,9,55,88,72.66
copper,752.6,Mumbai,5,85,91,835.61
pcb,309.09,Delhi,12,73,62,348.03
copper,633.12,Chennai,5,35,68,611.3
battery,96.36,Hyderabad,3,38,43,83.06
aluminium,192.08,Kolkata,9,42,47,157.75
aluminium,205.54,Mumbai,8,92,91,202.71
steel,62.8,Mumbai,3,44,43,62.39
steel,64.01,Bengaluru,4,51,56,59.79
aluminium,165.82,Hyderabad,1,64,76,121.4
aluminium,231.34,Kolkata,3,89,36,209.08
copper,795.49,Bengaluru,3,57,39,726.22
aluminium,196.23,Chennai,10,82,77,178.12
plastic,29.17,Kolkata,10,53,91,26.6
pcb,290.94,Chennai,10,50,41,279.62
copper,734.1,Kolkata,4,46,30,654.94
battery,90.09,Bengaluru,3,44,63,81.19
pcb,255.91,Bengaluru,4,48,69,251.21
pcb,250.32,Bengaluru,2,60,71,193.7
copper,749.79,Mumbai,5,72,81,796.09
copper,561.4,Chennai,5,35,79,522.49
copper,1003.63,Delhi,7,95,32,1008.17
steel,65.98,Chennai,4,80,77,64.92
battery,95.12,Chennai,5,41,38,107.71
copper,638.94,Kolkata,8,58,82,555.47
pcb,305.1,Chennai,7,80,53,322.93
pcb,296.48,Delhi,9,75,77,281.42
aluminium,180.65,Chennai,5,77,79,186.95
plastic,39.89,Kolkata,7,79,62,45.75
pcb,324.8,Mumbai,2,88,46,326.26
copper,542.25,Bengaluru,3,46,94,403.21
battery,107.56,Delhi,8,86,58,118.7
steel,55.41,Hyderabad,2,69,74,45.34
copper,616.46,Kolkata,9,65,83,473.04
battery,101.89,Bengaluru,2,83,51,88.05
steel,54.61,Bengaluru,2,69,98,48.95
copper,834.34,Mumbai,3,72,35,830.59
battery,86.61,Chennai,11,49,90,86.46
battery,94.04,Kolkata,5,71,63,96.77
pcb,275.04,Mumbai,5,44,42,303.67
steel,79.2,Mumbai,5,82,44,92.9
battery,109.16,Mumbai,11,91,92,120.85
pcb,258.86,Kolkata,1,93,72,234.41
steel,51.18,Kolkata,10,48,85,44.91
copper,707.4,Bengaluru,10,74,83,651.81
plastic,33.7,Delhi,9,66,97,33.07
copper,695.12,Delhi,8,68,68,689.7
copper,754.53,Bengaluru,1,69,76,528.18
battery,89.96,Chennai,1,45,58,73.64
copper,690.03,Mumbai,10,36,72,711.32
plastic,45.47,Chennai,3,94,49,46.8
pcb,251.21,Chennai,8,58,68,239.83
copper,681.16,Hyderabad,12,50,52,758.81
aluminium,186.57,Hyderabad,11,59,72,192.82
pcb,278.96,Delhi,11,59,63,306.98
pcb,290.55,Delhi,11,52,31,331.51
plastic,51.94,Mumbai,12,88,33,67.28
plastic,42.73,Mumbai,12,83,75,48.84
plastic,37.01,Delhi,4,71,88,38.82
plastic,43.24,Delhi,9,77,83,40.86
battery,94.34,Delhi,7,49,69,92.67
aluminium,159.07,Delhi,3,60,94,145.83
pcb,231.58,Hyderabad,9,49,94,156.72
pcb,298.59,Chennai,3,86,56,302.74
plastic,34.21,Bengaluru,10,61,98,30.84
aluminium,199.78,Mumbai,11,89,83,244.81
aluminium,162.84,Delhi,1,56,78,137.25
pcb,285.77,Chennai,12,85,56,369.26
steel,60.15,Mumbai,1,43,67,55.2
steel,72.39,Hyderabad,3,87,31,75.51
battery,90.82,Delhi,2,42,51,79.23
copper,976.62,Bengaluru,9,92,33,904.89
pcb,264.24,Delhi,3,53,30,249.33
battery,117.21,Chennai,6,79,56,129.11
battery,103.8,Delhi,8,72,59,115.61
aluminium,198.88,Bengaluru,7,74,56,206.9
pcb,303.26,Mumbai,9,90,84,298.77
battery,125.15,Hyderabad,10,86,34,126.11
copper,769.04,Delhi,3,91,81,712.41
plastic,31.85,Hyderabad,7,54,75,30.43
steel,54.67,Chennai,7,52,94,54.5
steel,79.86,Delhi,11,90,42,84.8
copper,974.38,Bengaluru,10,91,38,907.3
steel,65.82,Chennai,8,79,92,66.15
pcb,233.37,Delhi,8,35,86,215.12
plastic,46.42,Hyderabad,9,75,32,46.57
copper,790.71,Hyderabad,1,53,45,559.22
steel,64.88,Delhi,5,73,80,67.44
aluminium,229.81,Hyderabad,8,90,60,213.86
pcb,217.25,Mumbai,10,36,88,192.55
pcb,297.55,Bengaluru,7,90,62,320.88
pcb,253.13,Delhi,4,68,93,217.15
aluminium,176.08,Delhi,11,41,45,209.39
copper,734.54,Delhi,4,35,34,696.24
pcb,239.25,Hyderabad,8,58,63,218.52
copper,655.84,Kolkata,10,51,89,509.86
aluminium,177.98,Hyderabad,3,37,61,144.38
steel,61.37,Bengaluru,6,46,85,56.79
aluminium,168.05,Bengaluru,4,71,80,174.3
plastic,36.64,Delhi,4,76,77,42.83
battery,106.75,Delhi,5,84,60,116.17
plastic,37.95,Chennai,6,70,55,46.41
steel,49.84,Delhi,1,40,68,38.76
aluminium,204.21,Chennai,6,91,77,216.07
copper,708.21,Mumbai,10,71,88,701.99
pcb,288.33,Mumbai,12,58,52,355.94
aluminium,192.14,Chennai,7,79,96,195.28
plastic,44.38,Mumbai,10,90,57,54.46
plastic,46.69,Bengaluru,10,63,34,47.03
pcb,289.76,Delhi,7,95,73,293.82
aluminium,182.43,Hyderabad,10,88,99,175.07
pcb,256.38,Chennai,4,56,73,235.86
copper,907.46,Delhi,1,79,32,809.11
pcb,234.07,Bengaluru,9,41,65,190.1
steel,66.14,Delhi,8,61,32,69.49
steel,67.53,Kolkata,1,95,80,49.85
copper,609.34,Bengaluru,3,41,38,560.9
pcb,291.62,Mumbai,12,79,63,380.52
copper,801.82,Delhi,4,49,44,805.76
pcb,307.59,Delhi,9,95,71,302.76
steel,53.91,Kolkata,6,42,94,50.25
copper,820.06,Bengaluru,9,60,31,749.99
steel,67.36,Hyderabad,2,64,33,60.72
pcb,314.8,Bengaluru,6,73,37,326.38
aluminium,229.31,Chennai,2,95,64,205.49
plastic,38.87,Bengaluru,8,72,62,40.81
battery,109.91,Mumbai,9,64,45,118.82
copper,774.56,Mumbai,4,80,65,796.39
plastic,45.36,Bengaluru,4,56,31,45.33
copper,663.19,Hyderabad,5,50,47,714.48
plastic,35.47,Bengaluru,9,43,60,30.11
copper,739.8,Hyderabad,12,93,100,773.59
copper,742.6,Hyderabad,11,54,35,782.75
pcb,246.07,Hyderabad,10,90,100,224.87
aluminium,169.26,Bengaluru,12,39,75,179.2
plastic,40.15,Chennai,2,49,51,33.51
copper,973.9,Chennai,8,93,30,992.4
aluminium,180.52,Hyderabad,5,46,72,170.34
pcb,284.1,Kolkata,3,85,46,261.55
aluminium,147.96,Hyderabad,10,54,88,125.37
aluminium,213.38,Hyderabad,4,58,72,183.85
pcb,214.95,Chennai,9,48,90,166.39
aluminium,226.61,Bengaluru,9,87,64,198.73
steel,65.59,Chennai,10,91,95,68.79
copper,922.94,Delhi,9,87,42,922.56
copper,548.32,Kolkata,12,48,100,575.26
aluminium,155.5,Bengaluru,3,41,72,124.38
steel,71.84,Mumbai,1,92,58,68.96
copper,746.44,Delhi,3,44,67,612.21
pcb,292.6,Delhi,8,66,36,284.38
copper,858.8,Mumbai,11,69,60,894.07
copper,772.11,Kolkata,12,69,54,870.0
plastic,31.67,Kolkata,2,50,94,21.44
battery,114.0,Bengaluru,11,84,53,128.05
copper,719.98,Chennai,2,52,60,610.85
copper,776.51,Chennai,7,63,66,733.9
steel,62.92,Kolkata,1,73,60,48.31
copper,575.2,Bengaluru,8,44,88,500.76
copper,743.47,Kolkata,8,54,42,695.77
copper,701.99,Bengaluru,3,78,74,619.47
aluminium,183.48,Hyderabad,12,77,82,201.61
copper,753.79,Chennai,5,76,81,780.15
plastic,39.1,Hyderabad,1,74,70,31.05
battery,85.94,Delhi,6,36,74,92.04
copper,858.79,Mumbai,5,77,58,939.74
plastic,50.68,Mumbai,11,94,35,64.42
battery,86.17,Kolkata,11,48,69,95.16
steel,69.1,Delhi,3,87,62,73.53
pcb,237.47,Hyderabad,1,64,83,161.3
battery,128.37,Mumbai,3,94,30,143.74
aluminium,176.57,Kolkata,2,47,42,149.89
plastic,29.13,Hyderabad,11,35,85,31.25
battery,89.85,Kolkata,6,67,76,86.19
pcb,289.22,Chennai,6,78,38,333.14
battery,97.48,Bengaluru,9,56,33,96.32
aluminium,210.92,Bengaluru,9,73,67,180.82
pcb,233.49,Delhi,5,69,58,264.84
aluminium,180.15,Kolkata,2,49,61,144.06
aluminium,172.69,Bengaluru,9,47,84,136.75
battery,120.46,Mumbai,7,90,49,139.45
battery,104.48,Mumbai,3,69,42,109.09
steel,65.95,Bengaluru,9,59,50,62.0
aluminium,207.53,Mumbai,5,56,44,235.62
steel,55.75,Bengaluru,9,40,67,46.18
copper,808.35,Mumbai,10,70,57,828.51
steel,69.38,Delhi,4,46,41,78.29
steel,62.44,Mumbai,10,72,95,62.59
battery,101.22,Hyderabad,2,44,31,79.18
aluminium,181.34,Hyderabad,9,68,93,133.11
plastic,36.81,Hyderabad,12,68,55,44.88
battery,79.9,Chennai,12,50,99,85.35
battery,111.08,Chennai,11,71,58,119.86
pcb,231.33,Kolkata,9,40,40,184.42
copper,864.23,Chennai,12,60,45,944.19
battery,75.55,Kolkata,3,47,96,53.63
battery,80.17,Chennai,3,63,81,70.98
aluminium,185.3,Bengaluru,2,50,31,168.11
plastic,41.13,Chennai,11,59,55,45.8
steel,58.62,Hyderabad,11,73,90,61.38
copper,617.31,Hyderabad,7,41,66,543.61
copper,872.27,Mumbai,5,68,30,960.61
battery,119.06,Delhi,12,85,55,130.9
aluminium,202.1,Chennai,3,40,41,182.8
steel,54.58,Bengaluru,7,36,72,51.67
steel,68.37,Chennai,6,67,66,69.12
copper,706.9,Delhi,8,36,37,698.97
plastic,42.27,Bengaluru,4,74,42,43.8
battery,112.59,Mumbai,2,67,34,112.18
steel,54.3,Kolkata,6,49,77,56.07
plastic,30.23,Kolkata,2,36,76,19.94
plastic,36.69,Delhi,2,68,72,39.36
copper,538.84,Kolkata,1,49,80,354.02
battery,117.6,Chennai,12,84,54,134.9
steel,81.04,Hyderabad,10,95,39,83.91
copper,663.87,Hyderabad,4,73,97,603.25
pcb,265.91,Chennai,9,68,68,253.82
aluminium,176.25,Chennai,12,58,88,190.82
aluminium,153.72,Delhi,7,70,99,169.75
aluminium,193.52,Chennai,11,73,60,209.87
aluminium,209.66,Delhi,1,77,35,198.34
copper,753.97,Mumbai,9,79,57,783.72
steel,71.03,Delhi,9,92,45,72.88
pcb,298.37,Kolkata,12,83,83,296.71
steel,74.14,Mumbai,8,54,31,81.47
plastic,32.83,Chennai,3,43,92,25.75
steel,66.39,Chennai,6,66,60,71.0
copper,669.47,Bengaluru,1,86,93,475.8
plastic,42.64,Delhi,6,62,33,49.97
battery,93.52,Bengaluru,5,81,71,96.85
aluminium,155.97,Hyderabad,9,51,98,108.68
battery,115.1,Mumbai,3,93,65,119.16
steel,58.5,Kolkata,2,44,71,45.21
copper,869.59,Bengaluru,7,69,49,865.69
copper,962.71,Kolkata,2,90,30,791.81
pcb,255.11,Delhi,1,44,34,197.25
pcb,284.86,Chennai,1,90,69,256.01
aluminium,169.91,Bengaluru,1,44,52,148.88
aluminium,181.1,Mumbai,12,35,49,218.45
pcb,265.26,Chennai,8,91,79,259.68
plastic,32.01,Kolkata,5,39,91,28.64
battery,90.05,Bengaluru,3,51,75,76.07
copper,647.04,Delhi,9,86,100,534.43
aluminium,228.31,Kolkata,11,84,34,252.77
aluminium,216.68,Chennai,12,77,51,257.69
pcb,224.43,Mumbai,1,39,75,175.02
battery,87.17,Bengaluru,8,51,76,81.25
copper,734.42,Kolkata,12,74,82,785.36
plastic,34.27,Hyderabad,11,60,89,35.37
steel,48.92,Hyderabad,5,54,87,46.56
copper,619.8,Hyderabad,9,38,67,534.19
battery,99.46,Hyderabad,6,37,31,102.22
plastic,46.53,Delhi,7,94,47,52.4
pcb,246.97,Delhi,11,57,70,268.01
plastic,45.52,Bengaluru,10,46,37,42.6
plastic,43.05,Chennai,4,84,58,44.78
aluminium,166.35,Chennai,3,42,66,153.47
battery,73.6,Bengaluru,5,48,78,71.64
steel,82.38,Mumbai,1,86,33,75.05
plastic,33.41,Delhi,2,52,96,28.57
copper,677.76,Kolkata,8,45,78,502.78
aluminium,220.55,Hyderabad,7,77,44,224.44
copper,751.12,Chennai,4,61,57,734.65
pcb,260.76,Hyderabad,5,45,44,251.98
copper,716.33,Delhi,11,80,88,766.59
plastic,39.24,Bengaluru,3,58,63,36.17
copper,808.57,Mumbai,10,46,45,841.75
copper,648.96,Hyderabad,5,35,71,595.02
aluminium,204.23,Kolkata,12,63,72,212.12
steel,54.22,Kolkata,7,47,70,53.36
battery,95.33,Bengaluru,5,35,32,102.64
battery,99.01,Bengaluru,10,44,63,92.43
copper,734.7,Mumbai,8,56,66,762.53
battery,78.76,Kolkata,4,38,60,73.71
steel,50.09,Kolkata,1,53,85,35.33
pcb,207.23,Kolkata,4,50,80,190.42
aluminium,230.13,Chennai,11,66,42,256.8
plastic,44.57,Delhi,12,74,60,56.45
pcb,271.22,Mumbai,9,69,84,255.96
copper,804.82,Kolkata,10,65,30,750.0
copper,664.42,Hyderabad,10,67,76,636.53
aluminium,157.36,Hyderabad,2,48,54,128.03
aluminium,144.31,Kolkata,8,35,80,118.67
battery,116.28,Mumbai,11,87,56,138.37
copper,876.71,Mumbai,4,95,53,901.64
aluminium,169.48,Bengaluru,5,41,85,156.16
steel,82.75,Kolkata,8,78,32,78.31
plastic,35.37,Kolkata,9,37,45,34.04
plastic,38.93,Chennai,9,59,65,36.56
copper,800.28,Mumbai,2,52,30,743.28
aluminium,228.02,Kolkata,11,84,46,227.88
pcb,195.98,Mumbai,3,37,83,185.35
plastic,55.58,Mumbai,7,94,30,62.06
plastic,35.12,Bengaluru,4,76,73,36.78
pcb,295.43,Delhi,6,42,53,292.32
battery,103.92,Delhi,2,94,74,92.54
copper,822.16,Kolkata,8,83,42,828.18
plastic,44.77,Delhi,11,95,71,48.76
pcb,209.96,Kolkata,9,56,89,163.7
pcb,259.46,Mumbai,9,35,55,252.07
steel,58.0,Chennai,12,72,89,73.67
battery,74.7,Bengaluru,5,52,64,81.96
pcb,284.8,Bengaluru,5,93,61,304.39
copper,880.9,Bengaluru,5,64,32,921.82
plastic,41.1,Bengaluru,1,77,51,36.85
aluminium,148.23,Hyderabad,4,46,68,134.7
aluminium,174.39,Delhi,1,40,41,158.23
steel,71.18,Kolkata,7,83,64,73.47
aluminium,192.38,Hyderabad,4,85,52,181.46
copper,898.17,Delhi,3,91,42,907.31
copper,578.43,Kolkata,7,53,83,542.11
battery,104.12,Hyderabad,7,92,54,112.68
steel,78.94,Mumbai,7,93,31,93.37
copper,732.36,Mumbai,9,63,80,702.45
battery,109.0,Delhi,9,64,30,105.63
plastic,42.98,Bengaluru,10,86,61,44.26
aluminium,160.23,Chennai,9,63,98,123.2
steel,59.29,Chennai,6,39,50,65.44
battery,99.12,Mumbai,12,45,45,121.7
battery,94.18,Hyderabad,6,53,56,93.16
plastic,47.16,Mumbai,7,69,42,55.96
pcb,241.28,Kolkata,12,48,76,244.1
copper,706.59,Kolkata,10,68,79,598.5
aluminium,182.7,Bengaluru,8,75,85,171.44
copper,711.24,Delhi,11,53,76,757.35
steel,62.59,Delhi,5,49,62,62.3
steel,67.03,Hyderabad,10,84,76,63.77
aluminium,197.32,Hyderabad,6,87,50,216.44
pcb,238.39,Chennai,4,61,91,210.64
battery,97.24,Hyderabad,2,68,50,92.39
pcb,272.38,Kolkata,3,54,36,244.02
aluminium,211.79,Mumbai,4,35,38,208.97
steel,73.54,Hyderabad,11,81,37,79.39
aluminium,177.41,Kolkata,4,47,52,146.26
plastic,29.81,Hyderabad,1,58,88,21.59
plastic,39.51,Kolkata,3,91,84,37.06
copper,652.08,Chennai,9,35,63,520.66
copper,758.8,Bengaluru,6,56,36,843.09
pcb,267.24,Bengaluru,4,90,82,277.55
pcb,316.61,Bengaluru,7,67,30,324.39
copper,721.87,Bengaluru,10,88,93,672.12
steel,65.47,Mumbai,10,89,98,67.86
aluminium,176.22,Bengaluru,2,66,81,139.68
battery,85.98,Hyderabad,4,72,90,80.12
aluminium,202.3,Chennai,2,77,71,150.17
battery,100.7,Mumbai,2,92,78,94.46
copper,634.0,Chennai,1,56,95,458.43
steel,58.66,Kolkata,1,84,85,44.84
battery,100.34,Kolkata,6,73,79,101.31
pcb,298.92,Mumbai,12,50,33,353.56
pcb,197.19,Hyderabad,1,36,70,142.04
copper,731.97,Chennai,7,35,48,729.53
copper,804.82,Mumbai,9,72,77,774.58
pcb,270.58,Chennai,11,80,73,318.9
copper,801.91,Bengaluru,7,89,84,780.86
steel,60.07,Chennai,9,50,74,49.1
plastic,47.13,Chennai,5,95,51,54.99
plastic,37.76,Bengaluru,3,54,69,33.55
plastic,32.42,Chennai,1,73,96,25.27
plastic,37.53,Hyderabad,11,54,59,40.39
plastic,40.59,Mumbai,5,62,56,49.38
